-- phpMyAdmin SQL Dump
-- version 4.0.4
-- http://www.phpmyadmin.net
--
-- Máquina: localhost
-- Data de Criação: 22-Ago-2013 às 18:53
-- Versão do servidor: 5.6.12-log
-- versão do PHP: 5.4.12

SET SQL_MODE = "NO_AUTO_VALUE_ON_ZERO";
SET time_zone = "+00:00";


/*!40101 SET @OLD_CHARACTER_SET_CLIENT=@@CHARACTER_SET_CLIENT */;
/*!40101 SET @OLD_CHARACTER_SET_RESULTS=@@CHARACTER_SET_RESULTS */;
/*!40101 SET @OLD_COLLATION_CONNECTION=@@COLLATION_CONNECTION */;
/*!40101 SET NAMES utf8 */;

--
-- Base de Dados: `tiac`
--
CREATE DATABASE IF NOT EXISTS `tiac` DEFAULT CHARACTER SET latin1 COLLATE latin1_swedish_ci;
USE `tiac`;

-- --------------------------------------------------------

--
-- Estrutura da tabela `camara`
--

CREATE TABLE IF NOT EXISTS `camara` (
  `ID_camara` int(3) NOT NULL DEFAULT '0',
  `ID_distrito` int(2) NOT NULL DEFAULT '0',
  `nome` varchar(27) DEFAULT NULL,
  PRIMARY KEY (`ID_camara`),
  KEY `distrito` (`ID_distrito`)
) ENGINE=InnoDB DEFAULT CHARSET=utf8;

--
-- Extraindo dados da tabela `camara`
--

INSERT INTO `camara` (`ID_camara`, `ID_distrito`, `nome`) VALUES
(1, 1, 'Angra do Heroísmo'),
(2, 1, 'Calheta'),
(3, 1, 'Corvo'),
(4, 1, 'Horta'),
(5, 1, 'Lagoa'),
(6, 1, 'Lajes das Flores'),
(7, 1, 'Lajes do Pico'),
(8, 1, 'Madalena'),
(9, 1, 'Nordeste'),
(10, 1, 'Ponta Delgada'),
(11, 1, 'Povoação'),
(12, 1, 'Ribeira Grande'),
(13, 1, 'Santa Cruz da Graciosa'),
(14, 1, 'Santa Cruz das Flores'),
(15, 1, 'São Roque do Pico'),
(16, 1, 'Velas'),
(17, 1, 'Vila da Praia Vitória'),
(18, 1, 'Vila do Porto'),
(19, 1, 'Vila Franca do Campo'),
(20, 2, 'Águeda'),
(21, 2, 'Albergaria-a-Velha'),
(22, 2, 'Anadia'),
(23, 2, 'arouca'),
(24, 2, 'Aveiro'),
(25, 2, 'Castelo de Paiva'),
(26, 2, 'Espinho'),
(27, 2, 'Estarreja'),
(28, 2, 'Ilhavo'),
(29, 2, 'Mealhada'),
(30, 2, 'Murtosa'),
(31, 2, 'Oliveira de Azeméis'),
(32, 2, 'Oliveira do Bairro'),
(33, 2, 'Ovar'),
(34, 2, 'Santa Maria da Feira'),
(35, 2, 'São João da Madeira'),
(36, 2, 'Sever do Vouga'),
(37, 2, 'Vagos'),
(38, 2, 'Vale de Cambra'),
(39, 3, 'Aljustrel'),
(40, 3, 'Almodôvar'),
(41, 3, 'Alvito'),
(42, 3, 'Barrancos'),
(43, 3, 'Beja'),
(44, 3, 'Castro Verde'),
(45, 3, 'Cuba'),
(46, 3, 'Ferreira do Alentejo'),
(47, 3, 'Mértola'),
(48, 3, 'Moura'),
(49, 3, 'Odemira'),
(50, 3, 'Ourique'),
(51, 3, 'Serpa'),
(52, 3, 'Vidigueira'),
(53, 4, 'Amares'),
(54, 4, 'Barcelos'),
(55, 4, 'Braga'),
(56, 4, 'Cabeceiras de Basto'),
(57, 4, 'Esposende'),
(58, 4, 'Fafe'),
(59, 4, 'Guimarães'),
(60, 4, 'Póvoa do Lanhoso'),
(61, 4, 'Terras de Bouro'),
(62, 4, 'Vieira do Minho'),
(63, 4, 'Vila nova de Famalicão'),
(64, 4, 'Vila Verde'),
(65, 4, 'Vizela'),
(66, 5, 'Alfândega da Fé'),
(67, 5, 'Bragança'),
(68, 5, 'Carrazeda de Ansiães'),
(69, 5, 'Freixo de Espada à Cinta'),
(70, 5, 'Macedo de Cavaleiros'),
(71, 5, 'Miranda do Douro'),
(72, 5, 'Mirandela'),
(73, 5, 'Mogadouro'),
(74, 5, 'Torre de Moncorvo'),
(75, 5, 'Vila Flor'),
(76, 5, 'Vimioso'),
(77, 5, 'Vinhais'),
(78, 6, 'Belmonte'),
(79, 6, 'Castelo Branco'),
(80, 6, 'Covilhã'),
(81, 6, 'Fundão'),
(82, 6, 'Idanha-a-Nova'),
(83, 6, 'Oleiros'),
(84, 6, 'Penamacor'),
(85, 6, 'Proença-a-Nova'),
(86, 6, 'Sertã'),
(87, 6, 'Vila de Rei'),
(88, 6, 'Vila Velha de Rodão'),
(89, 7, 'Arganil'),
(90, 7, 'Cantanhede'),
(91, 7, 'Coimbra'),
(92, 7, 'Condeixa-a-Nova'),
(93, 7, 'Figueira da Foz'),
(94, 7, 'Gois'),
(95, 7, 'Lousã'),
(96, 7, 'Mira'),
(97, 7, 'Miranda do Corvo'),
(98, 7, 'Montemor-o-Velho'),
(99, 7, 'Oliveira do Hospital'),
(100, 7, 'Pampilhosa da Serra'),
(101, 7, 'Penacova'),
(102, 7, 'Penela'),
(103, 7, 'Soure'),
(104, 7, 'Tábua'),
(105, 7, 'Vila Nova de Poiares'),
(106, 8, 'Alandroal'),
(107, 8, 'Arraiolos'),
(108, 8, 'Borba'),
(109, 8, 'Estremoz'),
(110, 8, 'Évora'),
(111, 8, 'Montemor-o-Novo'),
(112, 8, 'Mora'),
(113, 8, 'Mourão'),
(114, 8, 'Portel'),
(115, 8, 'Redondo'),
(116, 8, 'Reguengos de Monsaraz'),
(117, 8, 'Vendas Novas'),
(118, 8, 'Viana do Alentejo'),
(119, 8, 'Vila Viçosa'),
(120, 9, 'Albufeira'),
(121, 9, 'Alcoutim'),
(122, 9, 'Aljezur'),
(123, 9, 'Castro Marim'),
(124, 9, 'Faro'),
(125, 9, 'Lagoa'),
(126, 9, 'Lagos'),
(127, 9, 'Loulé'),
(128, 9, 'Monchique'),
(129, 9, 'Olhão'),
(130, 9, 'Portimão'),
(131, 9, 'São Brás de Alportel'),
(132, 9, 'Silves'),
(133, 9, 'Tavira'),
(134, 9, 'Vila do Bispo'),
(135, 9, 'Vila Real de Santo António'),
(136, 10, 'Aguiar da Beira'),
(137, 10, 'Almeida'),
(138, 10, 'Celorico da Beira'),
(139, 10, 'Figueira Castelo Rodrigo'),
(140, 10, 'Fornos de Algodres'),
(141, 10, 'Gouveia'),
(142, 10, 'Guarda'),
(143, 10, 'Manteigas'),
(144, 10, 'Mêda'),
(145, 10, 'Pinhel'),
(146, 10, 'Sabugal'),
(147, 10, 'Seia'),
(148, 10, 'Trancoso'),
(149, 10, 'Vila Nova de Foz Coa'),
(150, 11, 'Alcobaça'),
(151, 11, 'Alvaiazere'),
(152, 11, 'Ansião'),
(153, 11, 'Batalha'),
(154, 11, 'Bombarral'),
(155, 11, 'Caldas da Rainha'),
(156, 11, 'Castanheira de Pera'),
(157, 11, 'Figueiró dos Vinhos'),
(158, 11, 'Leiria'),
(159, 11, 'Marinha Grande'),
(160, 11, 'Nazaré'),
(161, 11, 'Óbidos'),
(162, 11, 'Pedrógão Grande'),
(163, 11, 'Peniche'),
(164, 11, 'Pombal'),
(165, 11, 'Porto de Mós'),
(166, 12, 'Alenquer'),
(167, 12, 'Amadora'),
(168, 12, 'Arruda dos Vinhos'),
(169, 12, 'Azambuja'),
(170, 12, 'Cadaval'),
(171, 12, 'Cascais'),
(172, 12, 'Lisboa'),
(173, 12, 'Loures'),
(174, 12, 'Lourinhã'),
(175, 12, 'Mafra'),
(176, 12, 'Odivelas'),
(177, 12, 'Oeiras'),
(178, 12, 'Sintra'),
(179, 12, 'Sobral de Monte Agraço'),
(180, 12, 'Torres Vedras'),
(181, 12, 'Vila Franca de Xira'),
(182, 13, 'Calheta'),
(183, 13, 'Calheta'),
(184, 13, 'Cámara de Lobos'),
(185, 13, 'Funchal'),
(186, 13, 'Machico'),
(187, 13, 'Ponta do Sol'),
(188, 13, 'Porto Moniz'),
(189, 13, 'Porto Santo'),
(190, 13, 'Ribeira Brava'),
(191, 13, 'Santa Cruz'),
(192, 13, 'Santana'),
(193, 13, 'São Vicente'),
(194, 14, 'Alter do Chão'),
(195, 14, 'Arronches'),
(196, 14, 'Avis'),
(197, 14, 'Campo Maior'),
(198, 14, 'Castelo de Vide'),
(199, 14, 'Crato'),
(200, 14, 'Elvas'),
(201, 14, 'Fronteira'),
(202, 14, 'Gavião'),
(203, 14, 'Marvão'),
(204, 14, 'Monforte'),
(205, 14, 'Nisa'),
(206, 14, 'Ponte de Sor'),
(207, 14, 'Portalegre'),
(208, 14, 'Sousel'),
(209, 15, 'Amarante'),
(210, 15, 'Baião'),
(211, 15, 'Felgueiras'),
(212, 15, 'Gondomar'),
(213, 15, 'Lousada'),
(214, 15, 'Maia'),
(215, 15, 'Marco de Canaveses'),
(216, 15, 'Matosinhos'),
(217, 15, 'Paços de Ferreira'),
(218, 15, 'Paredes'),
(219, 15, 'Penafiel'),
(220, 15, 'Porto'),
(221, 15, 'Póvoa do Varzim'),
(222, 15, 'Santo Tirso'),
(223, 15, 'Trofa'),
(224, 15, 'Valongo'),
(225, 15, 'Vila do Conde'),
(226, 15, 'Vila Nova de Gaia'),
(227, 16, 'Abrantes'),
(228, 16, 'Alcanena'),
(229, 16, 'Almeirim'),
(230, 16, 'Alpiarça'),
(231, 16, 'Benavente'),
(232, 16, 'Cartaxo'),
(233, 16, 'Chamusca'),
(234, 16, 'Constância'),
(235, 16, 'Coruche'),
(236, 16, 'Entroncamento'),
(237, 16, 'Ferreira do Zêzere'),
(238, 16, 'Golegã'),
(239, 16, 'Mação'),
(240, 16, 'Ourem'),
(241, 16, 'Rio Maior'),
(242, 16, 'Salvaterra de Magos'),
(243, 16, 'Santarém'),
(244, 16, 'Sardoal'),
(245, 16, 'Tomar'),
(246, 16, 'Torres Novas'),
(247, 16, 'Vila Nova da Barquinha'),
(248, 17, 'Alcácer do Sal'),
(249, 17, 'Alcochete'),
(250, 17, 'Almada'),
(251, 17, 'Barreiro'),
(252, 17, 'Grândola'),
(253, 17, 'Moita'),
(254, 17, 'Montijo'),
(255, 17, 'Palmela'),
(256, 17, 'Santiago do Cacém'),
(257, 17, 'Seixal'),
(258, 17, 'Sesimbra'),
(259, 17, 'Setúbal'),
(260, 17, 'Sines'),
(261, 18, 'Arcos de Valdevez'),
(262, 18, 'Caminha'),
(263, 18, 'Melgaço'),
(264, 18, 'Monção'),
(265, 18, 'Paredes de Coura'),
(266, 18, 'Ponte da Barca'),
(267, 18, 'Ponte de Lima'),
(268, 18, 'Valença'),
(269, 18, 'Viana do Castelo'),
(270, 18, 'Vila nova de Cerveira'),
(271, 19, 'Alijó'),
(272, 19, 'Boticas'),
(273, 19, 'Chaves'),
(274, 19, 'Mesão Frio'),
(275, 19, 'Mondim de Basto'),
(276, 19, 'Montalegre'),
(277, 19, 'Murça'),
(278, 19, 'Peso da Régua'),
(279, 19, 'Ribeira de Pena'),
(280, 19, 'Sabrosa'),
(281, 19, 'Santa Marta de Penaguião'),
(282, 19, 'Valpaços'),
(283, 19, 'Vila Pouca de Aguiar'),
(284, 19, 'Vila Real'),
(285, 20, 'Armamar'),
(286, 20, 'Carregal do Sal'),
(287, 20, 'Castro Daire'),
(288, 20, 'Cinfães'),
(289, 20, 'Lamego'),
(290, 20, 'Mangualde'),
(291, 20, 'Moimenta da Beira'),
(292, 20, 'Mortágua'),
(293, 20, 'Nelas'),
(294, 20, 'Oliveira de Frades'),
(295, 20, 'Penalva do Castelo'),
(296, 20, 'Penedono'),
(297, 20, 'Resende'),
(298, 20, 'Santa Comba Dão'),
(299, 20, 'São Jõao da Pesqueira'),
(300, 20, 'São Pedro do Sul'),
(301, 20, 'Sátão'),
(302, 20, 'Sernancelhe'),
(303, 20, 'Tabuaço'),
(304, 20, 'Tarouca'),
(305, 20, 'Tondela'),
(306, 20, 'Vila Nova da Paiva'),
(307, 20, 'Viseu'),
(308, 20, 'Vouzela'),
(309, 4, 'celorico de basto');

-- --------------------------------------------------------

--
-- Estrutura da tabela `cartaz`
--

CREATE TABLE IF NOT EXISTS `cartaz` (
  `ID_cartaz` int(2) NOT NULL AUTO_INCREMENT,
  `tamanho` varchar(18) DEFAULT NULL,
  `preco` varchar(4) DEFAULT NULL,
  PRIMARY KEY (`ID_cartaz`)
) ENGINE=InnoDB  DEFAULT CHARSET=utf8 AUTO_INCREMENT=17 ;

--
-- Extraindo dados da tabela `cartaz`
--

INSERT INTO `cartaz` (`ID_cartaz`, `tamanho`, `preco`) VALUES
(1, '8x3 em papel', '980'),
(2, '4x3 em papel', '800'),
(3, '3x2 em papel', '450'),
(4, '2,40x1,70 em papel', '450'),
(5, '1,75x1,25 em papel', '175'),
(6, '8x3 em vinil', '1100'),
(7, '4x3 em vinil', '850'),
(8, '3x2 em vinil', '475'),
(9, '2,40x1,70 em vinil', '450'),
(10, '1,75x1,25 em vinil', '175'),
(11, '6x2,25 em vinil', '800'),
(12, '5x2 em vinil', '790'),
(13, '4x1,5 em vinil', '480'),
(14, '0,68x0,48', '0,4'),
(15, 'A1 (59,4 X 84,1)', '0,5'),
(16, 'A2 (42 x 59,4)', '0,45');

-- --------------------------------------------------------

--
-- Estrutura da tabela `distrito`
--

CREATE TABLE IF NOT EXISTS `distrito` (
  `ID_distrito` int(2) NOT NULL DEFAULT '0',
  `nome` varchar(16) DEFAULT NULL,
  PRIMARY KEY (`ID_distrito`)
) ENGINE=InnoDB DEFAULT CHARSET=utf8;

--
-- Extraindo dados da tabela `distrito`
--

INSERT INTO `distrito` (`ID_distrito`, `nome`) VALUES
(1, 'Açores'),
(2, 'Aveiro'),
(3, 'Beja'),
(4, 'Braga'),
(5, 'Bragança'),
(6, 'castelo Branco'),
(7, 'Coimbra'),
(8, 'Évora'),
(9, 'Faro'),
(10, 'Guarda'),
(11, 'Leiria'),
(12, 'Lisboa'),
(13, 'Madeira'),
(14, 'Portalegre'),
(15, 'Porto'),
(16, 'Santarém'),
(17, 'Setúbal'),
(18, 'Viana do Castelo'),
(19, 'Vila Real'),
(20, 'Viseu');

-- --------------------------------------------------------

--
-- Estrutura da tabela `lista`
--

CREATE TABLE IF NOT EXISTS `lista` (
  `ID_lista` int(11) NOT NULL AUTO_INCREMENT,
  `ID_camara` int(11) NOT NULL,
  `nome` varchar(255) NOT NULL,
  `orcamento` int(255) NOT NULL,
  `cor` varchar(255) NOT NULL,
  PRIMARY KEY (`ID_lista`),
  KEY `camara` (`ID_camara`)
) ENGINE=InnoDB  DEFAULT CHARSET=latin1 AUTO_INCREMENT=1518 ;

--
-- Extraindo dados da tabela `lista`
--

INSERT INTO `lista` (`ID_lista`, `ID_camara`, `nome`, `orcamento`, `cor`) VALUES
(1, 1, 'PS', 11040, '#ff69b3'),
(2, 1, 'PSD/CDS-PP', 17495, '#974b00'),
(3, 1, 'BE', 202, '#fe0000'),
(4, 2, 'PS', 3400, '#ff69b3'),
(6, 3, 'PS', 3300, '#ff69b3'),
(7, 3, 'PSD', 397, '#FF7F00'),
(8, 4, 'PS', 11587, '#ff69b3'),
(10, 5, 'PS', 250, '#ff69b3'),
(11, 5, 'PSD', 8140, '#FF7F00'),
(12, 6, 'PS', 7650, '#ff69b3'),
(13, 6, 'PSD', 5874, '#FF7F00'),
(14, 7, 'PS', 0, '#ff69b3'),
(15, 7, 'PSD', 3531, '#FF7F00'),
(16, 8, 'PS', 5076, '#ff69b3'),
(17, 8, 'PSD', 6649, '#FF7F00'),
(18, 9, 'PS', 5300, '#ff69b3'),
(19, 9, 'PSD', 4112, '#FF7F00'),
(20, 10, 'PS', 17000, '#ff69b3'),
(21, 10, 'PSD', 20112, '#FF7F00'),
(22, 10, 'CDU', 4450, '#000000'),
(23, 10, 'BE', 250, '#fe0000'),
(24, 10, 'CDS-PP', 2500, '#00bffe'),
(25, 11, 'PS', 7550, '#ff69b3'),
(26, 11, 'PSD', 5392, '#FF7F00'),
(27, 12, 'PS', 15050, '#ff69b3'),
(28, 12, 'PSD', 9064, '#FF7F00'),
(29, 12, 'BE', 202, '#fe0000'),
(30, 12, 'CDU', 700, '#000000'),
(31, 13, 'PS', 8500, '#ff69b3'),
(32, 13, 'PSD', 5958, '#FF7F00'),
(33, 14, 'PS', 3050, '#ff69b3'),
(34, 14, 'PSD/CDS-PP', 779, '#974b00'),
(35, 15, 'PS', 3400, '#ff69b3'),
(36, 15, 'PSD', 6857, '#FF7F00'),
(37, 16, 'PS', 7059, '#ff69b3'),
(38, 16, 'PSD', 1067, '#FF7F00'),
(39, 17, 'PS', 11505, '#ff69b3'),
(40, 17, 'PSD', 5599, '#FF7F00'),
(41, 18, 'PS', 5461, '#ff69b3'),
(42, 18, 'PSD', 5663, '#FF7F00'),
(43, 19, 'PS', 13072, '#ff69b3'),
(44, 19, 'PSD', 0, '#FF7F00'),
(46, 20, 'CDU', 3, '#000000'),
(47, 20, 'PS', 15580, '#ff69b3'),
(48, 21, 'PS', 6900, '#ff69b3'),
(49, 21, 'PSD', 6256, '#FF7F00'),
(50, 21, 'CDU', 2500, '#000000'),
(51, 21, 'CDS-PP', 5745, '#00bffe'),
(52, 22, 'PS', 8959, '#ff69b3'),
(53, 22, 'PSD', 3024, '#FF7F00'),
(54, 22, 'CDS-PP', 1750, '#00bffe'),
(55, 22, 'CDU', 3000, '#000000'),
(56, 22, 'Teresa Belém', 0, '#90ee90'),
(57, 23, 'PS', 12060, '#ff69b3'),
(58, 23, 'CDS-PP', 2049, '#00bffe'),
(59, 23, 'PSD', 2476, '#FF7F00'),
(60, 23, 'CDU', 2500, '#000000'),
(61, 24, 'PS', 14700, '#ff69b3'),
(62, 24, 'BE', 3500, '#fe0000'),
(64, 24, 'CDU', 3910, '#000000'),
(65, 24, 'PNR', 100, '#717171'),
(67, 25, 'PS', 15150, '#ff69b3'),
(68, 25, 'PSD', 2356, '#FF7F00'),
(69, 26, 'CDU', 2625, '#000000'),
(70, 26, 'PSD', 9833, '#FF7F00'),
(71, 26, 'BE', 202, '#fe0000'),
(72, 26, 'PS', 10675, '#ff69b3'),
(73, 27, 'PS', 11150, '#ff69b3'),
(75, 27, 'CDU', 3100, '#000000'),
(77, 28, 'PS', 8500, '#ff69b3'),
(78, 28, 'PSD', 3380, '#FF7F00'),
(79, 28, 'CDS-PP', 1791, '#00bffe'),
(80, 28, 'BE', 202, '#fe0000'),
(81, 28, 'CDU', 2650, '#000000'),
(82, 29, 'PS', 17000, '#ff69b3'),
(84, 29, 'CDU', 4000, '#000000'),
(85, 29, 'BE', 202, '#fe0000'),
(86, 30, 'PS', 12622, '#ff69b3'),
(87, 30, 'PSD', 1425, '#FF7F00'),
(88, 30, 'CDU', 600, '#000000'),
(89, 31, 'PS', 19000, '#ff69b3'),
(90, 31, 'PSD', 28560, '#FF7F00'),
(91, 31, 'CDU', 2400, '#000000'),
(92, 31, 'BE', 405, '#fe0000'),
(93, 32, 'PS', 6370, '#ff69b3'),
(94, 32, 'PSD', 5156, '#FF7F00'),
(95, 32, 'CDS-PP', 8357, '#00bffe'),
(96, 32, 'CDU', 2480, '#000000'),
(97, 33, 'PS', 13823, '#ff69b3'),
(98, 33, 'PSD', 16912, '#FF7F00'),
(99, 33, 'CDS-PP', 1748, '#00bffe'),
(100, 33, 'BE', 202, '#fe0000'),
(101, 33, 'CDU', 3000, '#000000'),
(102, 34, 'PS', 37015, '#ff69b3'),
(103, 34, 'PSD', 49242, '#FF7F00'),
(104, 34, 'BE', 810, '#fe0000'),
(105, 34, 'CDU', 6750, '#000000'),
(106, 34, 'CDS-PP', 1731, '#00bffe'),
(108, 35, 'PS', 9630, '#ff69b3'),
(109, 35, 'PSD', 6587, '#FF7F00'),
(110, 35, 'CDS-PP', 2059, '#00bffe'),
(111, 35, 'BE', 202, '#fe0000'),
(112, 35, 'CDU', 2750, '#000000'),
(114, 36, 'PS', 13000, '#ff69b3'),
(115, 36, 'PSD', 1792, '#FF7F00'),
(116, 36, 'CDS-PP', 1250, '#00bffe'),
(117, 36, 'CDU', 2500, '#000000'),
(118, 37, 'PS', 3090, '#ff69b3'),
(119, 37, 'PSD', 5577, '#FF7F00'),
(120, 37, 'CDS-PP', 5386, '#00bffe'),
(121, 37, 'CDU', 2500, '#000000'),
(122, 38, 'PS', 5976, '#ff69b3'),
(123, 38, 'PSD', 12196, '#FF7F00'),
(124, 38, 'CDS-PP', 7272, '#00bffe'),
(125, 38, 'CDU', 1925, '#000000'),
(126, 39, 'PS', 7000, '#ff69b3'),
(128, 39, 'CDU', 7300, '#000000'),
(129, 40, 'PS', 5500, '#ff69b3'),
(130, 40, 'PSD', 3645, '#FF7F00'),
(131, 40, 'CDU', 975, '#000000'),
(132, 40, 'BE', 101, '#fe0000'),
(134, 41, 'PS', 4575, '#ff69b3'),
(135, 41, 'PSD/CDS-PP', 720, '#00bffe'),
(136, 41, 'CDU', 4000, '#000000'),
(137, 42, 'PS', 7295, '#ff69b3'),
(138, 43, 'PS', 11000, '#ff69b3'),
(139, 43, 'PSD/CDS-PP', 3166, '#974b00'),
(140, 43, 'CDU', 11800, '#000000'),
(142, 44, 'PS', 6200, '#ff69b3'),
(143, 44, 'PSD/CDS-PP', 194, '#974b00'),
(144, 44, 'CDU', 8200, '#000000'),
(145, 45, 'PS', 2219, '#ff69b3'),
(146, 45, 'PSD/CDS-PP', 2280, '#974b00'),
(147, 45, 'CDU', 6700, '#000000'),
(148, 46, 'PS', 8621, '#ff69b3'),
(150, 47, 'PS', 7163, '#ff69b3'),
(151, 47, 'PSD/CDS-PP', 324, '#974b00'),
(152, 47, 'CDU', 5900, '#000000'),
(154, 48, 'PS', 2500, '#ff69b3'),
(155, 48, 'PSD/CDS-PP', 1802, '#974b00'),
(156, 48, 'CDU', 13975, '#000000'),
(157, 49, 'PS', 8484, '#ff69b3'),
(158, 49, 'PSD/CDS-PP', 3467, '#974b00'),
(159, 49, 'CDU', 10700, '#000000'),
(160, 50, 'PS', 4295, '#ff69b3'),
(162, 50, 'CDU', 2050, '#000000'),
(163, 51, 'PS', 10700, '#ff69b3'),
(164, 51, 'PSD', 1971, '#974b00'),
(165, 51, 'CDU', 14000, '#000000'),
(166, 51, 'BE', 202, '#fe0000'),
(167, 52, 'PS', 2000, '#ff69b3'),
(169, 52, 'CDU', 8000, '#000000'),
(170, 53, 'PS', 9285, '#ff69b3'),
(171, 53, 'PSD/CDS-PP', 2736, '#974b00'),
(173, 54, 'PS', 11000, '#ff69b3'),
(175, 54, 'BE', 900, '#fe0000'),
(176, 54, 'CDU', 4625, '#000000'),
(178, 55, 'PS', 39900, '#ff69b3'),
(180, 55, 'CDU', 11200, '#000000'),
(181, 55, 'PCTP/MRPP', 150, '#92abca'),
(183, 56, 'PS', 21635, '#ff69b3'),
(184, 56, 'CDU', 2570, '#000000'),
(185, 56, 'PSD/CDS-PP', 2158, '#974b00'),
(187, 57, 'PS', 7765, '#ff69b3'),
(188, 57, 'PSD', 10020, '#FF7F00'),
(189, 57, 'CDS-PP', 2790, '#00bffe'),
(190, 58, 'PS', 22250, '#ff69b3'),
(191, 58, 'PSD', 3347, '#FF7F00'),
(192, 58, 'CDS-PP', 1118, '#00bffe'),
(193, 58, 'CDU', 3800, '#000000'),
(195, 59, 'PS', 41000, '#ff69b3'),
(197, 59, 'CDU', 10500, '#000000'),
(198, 59, 'BE', 1100, '#fe0000'),
(199, 60, 'PS', 9000, '#ff69b3'),
(200, 60, 'PSD', 5574, '#FF7F00'),
(201, 60, 'CDS-PP', 1153, '#00bffe'),
(202, 61, 'PS', 6984, '#ff69b3'),
(203, 61, 'PSD/CDS-PP', 1483, '#974b00'),
(204, 61, 'MPT', 1200, '#7732fd'),
(205, 61, 'CDU', 1600, '#000000'),
(207, 62, 'PS', 16737, '#ff69b3'),
(208, 62, 'PSD/CDS-PP', 4500, '#974b00'),
(209, 62, 'BE', 202, '#fe0000'),
(210, 63, 'PS', 33500, '#ff69b3'),
(211, 63, 'PSD/CDS-PP', 25971, '#974b00'),
(212, 63, 'CDU', 11200, '#000000'),
(213, 63, 'BE', 1100, '#fe0000'),
(214, 64, 'PS', 0, '#ff69b3'),
(215, 64, 'PSD', 17331, '#FF7F00'),
(216, 64, 'CDS-PP', 2548, '#00bffe'),
(217, 64, 'CDU', 2300, '#000000'),
(218, 65, 'PS', 15128, '#ff69b3'),
(220, 65, 'BE', 100, '#fe0000'),
(221, 65, 'CDU', 1900, '#000000'),
(223, 66, 'PS', 5000, '#ff69b3'),
(226, 67, 'PS', 3000, '#ff69b3'),
(227, 67, 'PSD', 3685, '#FF7F00'),
(228, 67, 'CDS-PP', 750, '#00bffe'),
(229, 67, 'BE', 303, '#fe0000'),
(230, 67, 'CDU', 1700, '#000000'),
(232, 68, 'PS', 2688, '#ff69b3'),
(233, 68, 'PSD', 2681, '#FF7F00'),
(234, 68, 'CDS-PP', 3750, '#00bffe'),
(235, 70, 'PS', 12022, '#ff69b3'),
(236, 70, 'PSD', 360, '#FF7F00'),
(237, 70, 'CDS-PP', 2239, '#00bffe'),
(238, 71, 'PS', 8530, '#ff69b3'),
(239, 71, 'PSD', 2213, '#FF7F00'),
(240, 72, 'PS', 8734, '#ff69b3'),
(241, 72, 'PSD', 2799, '#FF7F00'),
(242, 72, 'CDS-PP', 5431, '#00bffe'),
(243, 72, 'CDU', 2500, '#000000'),
(244, 73, 'PS', 9785, '#ff69b3'),
(245, 73, 'PSD', 3635, '#FF7F00'),
(246, 74, 'PS', 8500, '#ff69b3'),
(247, 74, 'PSD/CDS-PP', 3005, '#974b00'),
(248, 75, 'PS', 2000, '#ff69b3'),
(250, 76, 'PS', 7250, '#ff69b3'),
(251, 76, 'PSD', 6149, '#FF7F00'),
(252, 77, 'PS', 20802, '#ff69b3'),
(253, 77, 'CDS-PP/PSD', 6250, '#00bffe'),
(254, 78, 'PS', 6900, '#ff69b3'),
(255, 78, 'PSD', 0, '#FF7F00'),
(256, 78, 'CDU', 1500, '#000000'),
(257, 79, 'PS', 22100, '#ff69b3'),
(258, 79, 'PSD', 4798, '#FF7F00'),
(259, 79, 'CDS-PP', 1000, '#00bffe'),
(260, 79, 'BE', 607, '#fe0000'),
(261, 79, 'CDU', 3600, '#000000'),
(262, 80, 'PS', 10190, '#ff69b3'),
(263, 80, 'PSD', 7519, '#FF7F00'),
(264, 80, 'CDU', 5500, '#000000'),
(265, 80, 'BE', 405, '#fe0000'),
(267, 81, 'PS', 9778, '#ff69b3'),
(268, 81, 'PSD', 10463, '#FF7F00'),
(269, 81, 'CDS-PP', 517, '#00bffe'),
(270, 82, 'PSD', 1630, '#FF7F00'),
(271, 82, 'CDS-PP', 755, '#00bffe'),
(273, 83, 'PSD', 1337, '#FF7F00'),
(274, 83, 'CDS-PP', 0, '#00bffe'),
(277, 84, 'PS', 8818, '#ff69b3'),
(279, 85, 'PS', 11458, '#ff69b3'),
(280, 85, 'PSD', 2088, '#FF7F00'),
(281, 86, 'PS', 11000, '#ff69b3'),
(282, 86, 'PSD', 4853, '#FF7F00'),
(283, 86, 'CDS-PP', 1307, '#00bffe'),
(284, 87, 'PS', 3500, '#ff69b3'),
(285, 87, 'PSD', 1512, '#FF7F00'),
(286, 87, 'CDS-PP', 1720, '#00bffe'),
(287, 88, 'PS', 5200, '#ff69b3'),
(288, 88, 'PSD', 1875, '#FF7F00'),
(289, 88, 'CDS-PP', 70, '#00bffe'),
(290, 89, 'PS', 8100, '#ff69b3'),
(291, 89, 'PSD', 4425, '#FF7F00'),
(292, 89, 'CDU', 1900, '#000000'),
(293, 90, 'PS', 10748, '#ff69b3'),
(294, 90, 'PSD', 3955, '#FF7F00'),
(295, 91, 'PS', 32567, '#ff69b3'),
(297, 91, 'CDS-PP', 2068, '#00bffe'),
(299, 91, 'CDU', 13000, '#000000'),
(301, 92, 'PS', 16150, '#ff69b3'),
(302, 92, 'PSD', 2505, '#FF7F00'),
(303, 92, 'BE', 246, '#fe0000'),
(304, 92, 'CDU', 3000, '#000000'),
(305, 93, 'PS', 17500, '#ff69b3'),
(307, 93, 'BE', 690, '#fe0000'),
(308, 93, 'CDU', 3600, '#000000'),
(309, 94, 'PS', 7980, '#ff69b3'),
(310, 95, 'PS', 13000, '#ff69b3'),
(311, 95, 'PSD/CDS-PP', 2408, '#974b00'),
(312, 95, 'BE', 590, '#fe0000'),
(313, 96, 'PS', 14609, '#ff69b3'),
(314, 96, 'PSD', 2083, '#FF7F00'),
(316, 97, 'PS', 14200, '#ff69b3'),
(318, 97, 'CDU', 1900, '#000000'),
(319, 97, 'BE', 350, '#fe0000'),
(320, 98, 'PS', 12060, '#ff69b3'),
(322, 98, 'BE', 408, '#fe0000'),
(323, 99, 'PS', 12352, '#ff69b3'),
(324, 99, 'PSD', 5100, '#FF7F00'),
(325, 99, 'CDS-PP', 393, '#00bffe'),
(326, 99, 'CDU', 2500, '#000000'),
(327, 100, 'PSD', 2283, '#FF7F00'),
(328, 101, 'PS', 12500, '#ff69b3'),
(330, 101, 'CDU', 3600, '#000000'),
(331, 102, 'PS', 6487, '#ff69b3'),
(332, 102, 'PSD', 1282, '#FF7F00'),
(333, 103, 'PSD/CDS-PP/PPM', 2238, '#fffd96'),
(334, 103, 'PS', 16000, '#ff69b3'),
(335, 104, 'PS', 17601, '#ff69b3'),
(337, 104, 'CDU', 3600, '#000000'),
(338, 105, 'PS', 6419, '#ff69b3'),
(339, 105, 'PSD', 2115, '#FF7F00'),
(340, 105, 'CDU', 1300, '#000000'),
(341, 106, 'PS', 6000, '#ff69b3'),
(342, 106, 'PSD', 1207, '#FF7F00'),
(343, 106, 'BE', 101, '#fe0000'),
(344, 106, 'CDU', 3200, '#000000'),
(347, 107, 'PS', 4000, '#ff69b3'),
(348, 107, 'PSD', 1634, '#FF7F00'),
(349, 107, 'CDU', 8000, '#000000'),
(350, 108, 'PS', 8250, '#ff69b3'),
(351, 108, 'PSD', 1347, '#FF7F00'),
(352, 108, 'CDU', 3500, '#000000'),
(354, 109, 'PS', 7575, '#ff69b3'),
(355, 109, 'PSD', 2252, '#FF7F00'),
(356, 109, 'CDS-PP', 424, '#00bffe'),
(357, 109, 'CDU', 5200, '#000000'),
(359, 110, 'PS', 12231, '#ff69b3'),
(361, 110, 'BE', 303, '#fe0000'),
(362, 110, 'CDU', 10600, '#000000'),
(363, 111, 'PS', 9500, '#ff69b3'),
(364, 111, 'PSD', 2032, '#FF7F00'),
(365, 111, 'CDU', 10700, '#000000'),
(366, 112, 'PS', 3570, '#ff69b3'),
(368, 112, 'CDU', 8000, '#000000'),
(369, 113, 'PS', 7300, '#ff69b3'),
(371, 113, 'CDU', 1700, '#000000'),
(372, 114, 'PS', 10400, '#ff69b3'),
(373, 114, 'CDS-PP/PSD', 1842, '#00bffe'),
(374, 114, 'CDU', 5700, '#000000'),
(375, 115, 'PS', 4415, '#ff69b3'),
(376, 115, 'CDS-PP/PSD', 1842, '#00bffe'),
(377, 115, 'CDU', 1700, '#000000'),
(379, 116, 'PS', 5500, '#ff69b3'),
(380, 116, 'PSD/CDS-PP', 817, '#974b00'),
(381, 116, 'CDU', 3500, '#000000'),
(382, 117, 'PS', 9600, '#ff69b3'),
(383, 117, 'PSD', 1618, '#FF7F00'),
(384, 117, 'CDU', 15000, '#000000'),
(385, 118, 'PS', 3000, '#ff69b3'),
(386, 118, 'PSD', 1199, '#FF7F00'),
(387, 118, 'CDU', 5800, '#000000'),
(388, 119, 'PS', 3100, '#ff69b3'),
(389, 119, 'PSD/CDS-PP', 1423, '#974b00'),
(390, 119, 'CDU', 5500, '#000000'),
(393, 120, 'PS', 7910, '#ff69b3'),
(394, 120, 'PSD', 17319, '#FF7F00'),
(396, 120, 'CDU', 1500, '#000000'),
(398, 121, 'PS', 6000, '#ff69b3'),
(399, 121, 'PSD', 1070, '#FF7F00'),
(401, 122, 'PS', 7600, '#ff69b3'),
(402, 122, 'PSD', 1041, '#FF7F00'),
(403, 123, 'PS', 7174, '#ff69b3'),
(404, 123, 'PSD', 3770, '#FF7F00'),
(405, 123, 'CDU', 1300, '#000000'),
(406, 123, 'BE', 101, '#fe0000'),
(407, 124, 'PS', 17613, '#ff69b3'),
(408, 124, 'PSD/CDS-PP/MPT/PPM', 24245, '#b8b8b8'),
(409, 124, 'CDU', 4800, '#000000'),
(410, 124, 'BE', 607, '#fe0000'),
(412, 125, 'PS', 12270, '#ff69b3'),
(413, 125, 'PSD', 8916, '#FF7F00'),
(414, 125, 'CDU', 2600, '#000000'),
(415, 125, 'BE', 1069, '#fe0000'),
(416, 126, 'PS', 17200, '#ff69b3'),
(417, 126, 'PSD', 5746, '#FF7F00'),
(419, 126, 'CDU', 3000, '#000000'),
(420, 126, 'BE', 580, '#fe0000'),
(424, 127, 'PS', 17190, '#ff69b3'),
(425, 127, 'PSD', 25148, '#FF7F00'),
(426, 127, 'CDU', 2500, '#000000'),
(428, 128, 'PS', 7219, '#ff69b3'),
(429, 128, 'PSD', 2063, '#FF7F00'),
(431, 129, 'PS', 13585, '#ff69b3'),
(432, 129, 'PSD', 4460, '#FF7F00'),
(433, 129, 'CDU', 4100, '#000000'),
(434, 129, 'BE', 202, '#fe0000'),
(435, 130, 'PS', 13790, '#ff69b3'),
(436, 130, 'PSD', 4499, '#FF7F00'),
(438, 130, 'BE', 1325, '#fe0000'),
(439, 130, 'CDU', 2600, '#000000'),
(440, 131, 'PS', 9000, '#ff69b3'),
(441, 131, 'PSD', 1370, '#FF7F00'),
(442, 131, 'CDU', 2000, '#000000'),
(443, 132, 'PS', 7185, '#ff69b3'),
(444, 132, 'PSD', 3007, '#FF7F00'),
(445, 132, 'CDU', 7400, '#000000'),
(446, 132, 'BE', 1000, '#fe0000'),
(447, 133, 'PS', 14270, '#ff69b3'),
(448, 133, 'PSD', -10, '#FF7F00'),
(449, 133, 'CDU', 3000, '#000000'),
(450, 134, 'PS', 3000, '#ff69b3'),
(451, 134, 'PSD', 8178, '#FF7F00'),
(452, 136, 'PSD', 6007, '#FF7F00'),
(453, 137, 'PS', 7000, '#ff69b3'),
(454, 137, 'PSD/CDS-PP', 1615, '#974b00'),
(455, 138, 'PS', 8228, '#ff69b3'),
(456, 138, 'PSD', -10, '#FF7F00'),
(457, 139, 'PS', 5451, '#ff69b3'),
(458, 139, 'PSD', 1836, '#FF7F00'),
(459, 140, 'PS', 6852, '#ff69b3'),
(460, 140, 'PSD', 0, '#FF7F00'),
(461, 141, 'PS', 13560, '#ff69b3'),
(462, 141, 'PSD', -10, '#FF7F00'),
(463, 141, 'CDU', 3500, '#000000'),
(464, 142, 'PS', 15200, '#ff69b3'),
(465, 142, 'PSD', -10, '#FF7F00'),
(466, 142, 'CDU', 1900, '#000000'),
(467, 142, 'BE', 303, '#fe0000'),
(470, 143, 'PS', 8361, '#ff69b3'),
(471, 143, 'PSD', 1845, '#FF7F00'),
(472, 144, 'PS', 8000, '#ff69b3'),
(473, 144, 'PSD', 1814, '#FF7F00'),
(474, 144, 'CDS-PP', 5000, '#00bffe'),
(476, 145, 'PS', 10588, '#ff69b3'),
(477, 145, 'PSD', 4283, '#FF7F00'),
(478, 145, 'CDS-PP', 848, '#00bffe'),
(479, 145, 'CDU', 2700, '#000000'),
(480, 146, 'PSD', 4440, '#FF7F00'),
(481, 146, 'CDS-PP', 1250, '#00bffe'),
(482, 146, 'CDU', 2600, '#000000'),
(483, 147, 'PS', 10000, '#ff69b3'),
(484, 147, 'PSD', -10, '#FF7F00'),
(485, 147, 'CDU', 4100, '#000000'),
(486, 148, 'PS', 16000, '#ff69b3'),
(487, 148, 'PSD', 1269, '#FF7F00'),
(488, 149, 'PS', 6000, '#ff69b3'),
(489, 149, 'PSD', 2072, '#FF7F00'),
(490, 150, 'PS', 8138, '#ff69b3'),
(491, 150, 'PSD', 12459, '#FF7F00'),
(492, 150, 'CDS-PP', 3750, '#00bffe'),
(493, 150, 'BE', 202, '#fe0000'),
(494, 150, 'CDU', 4800, '#000000'),
(495, 150, 'PNR', 150, '#99dbfd'),
(496, 151, 'PS', 4300, '#ff69b3'),
(497, 151, 'PSD', 2126, '#FF7F00'),
(498, 152, 'PS', 8364, '#ff69b3'),
(499, 152, 'PSD', 451, '#FF7F00'),
(500, 152, 'CDS-PP', 428, '#00bffe'),
(501, 152, 'CDU', 2500, '#000000'),
(502, 153, 'PS', 7400, '#ff69b3'),
(503, 153, 'PSD', 3104, '#FF7F00'),
(504, 153, 'CDS-PP', 2051, '#00bffe'),
(505, 154, 'PS', 7700, '#ff69b3'),
(506, 154, 'PSD', 3146, '#FF7F00'),
(507, 154, 'CDS-PP', 2250, '#00bffe'),
(508, 154, 'CDU', 4100, '#000000'),
(509, 155, 'PS', 8520, '#ff69b3'),
(510, 155, 'PSD', 9773, '#FF7F00'),
(511, 155, 'CDS-PP', 2500, '#00bffe'),
(512, 155, 'BE', 202, '#fe0000'),
(513, 155, 'CDU', 2600, '#000000'),
(515, 156, 'PS', 5400, '#ff69b3'),
(516, 156, 'PSD', 1061, '#FF7F00'),
(517, 156, 'CDS-PP', 546, '#00bffe'),
(518, 157, 'PS', 7500, '#ff69b3'),
(519, 157, 'PSD', 2801, '#FF7F00'),
(520, 157, 'CDS-PP', 750, '#00bffe'),
(521, 158, 'PS', 16503, '#ff69b3'),
(522, 158, 'PSD', 26213, '#FF7F00'),
(523, 158, 'CDS-PP', 5000, '#00bffe'),
(524, 158, 'CDU', 6900, '#000000'),
(525, 158, 'BE', 1215, '#fe0000'),
(526, 159, 'PS', 11000, '#ff69b3'),
(527, 159, 'PSD', 4191, '#FF7F00'),
(528, 159, 'BE', 202, '#fe0000'),
(529, 159, 'CDU', 9200, '#000000'),
(532, 160, 'PS', 11300, '#ff69b3'),
(533, 160, 'PSD', 2931, '#FF7F00'),
(534, 160, 'CDU', 2600, '#000000'),
(535, 160, 'BE', 202, '#fe0000'),
(536, 160, 'MPT', 0, '#7732fd'),
(539, 161, 'PS', 10308, '#ff69b3'),
(540, 161, 'PSD', 2028, '#FF7F00'),
(541, 161, 'CDS-PP', 371, '#00bffe'),
(542, 161, 'CDU', 3600, '#000000'),
(543, 162, 'PS', 5600, '#ff69b3'),
(544, 162, 'PSD', 0, '#FF7F00'),
(545, 163, 'PS', 8964, '#ff69b3'),
(546, 163, 'PSD', 10655, '#FF7F00'),
(547, 163, 'CDU', 13500, '#000000'),
(548, 164, 'PS', 14400, '#ff69b3'),
(549, 164, 'PSD', 8951, '#FF7F00'),
(550, 164, 'CDS-PP', 1750, '#00bffe'),
(551, 164, 'CDU', 2500, '#000000'),
(552, 165, 'PS', 14825, '#ff69b3'),
(553, 165, 'PSD', 4477, '#FF7F00'),
(554, 166, 'PS', 12520, '#ff69b3'),
(555, 166, 'PSD', -10, '#FF7F00'),
(556, 166, 'BE', 1250, '#fe0000'),
(557, 166, 'CDU', 6300, '#000000'),
(558, 167, 'PS', 38318, '#ff69b3'),
(559, 167, 'PSD', -10, '#FF7F00'),
(560, 167, 'BE', 810, '#fe0000'),
(561, 167, 'CDU', 16400, '#000000'),
(562, 168, 'PS', 11970, '#ff69b3'),
(563, 168, 'PSD', 2376, '#FF7F00'),
(564, 169, 'PS', 8550, '#ff69b3'),
(565, 169, 'PSD', -10, '#FF7F00'),
(566, 169, 'CDU', 6300, '#000000'),
(567, 170, 'PS', 14545, '#ff69b3'),
(568, 170, 'PSD', 5222, '#FF7F00'),
(569, 170, 'CDS-PP', -10, '#00bffe'),
(570, 170, 'CDU', 3000, '#000000'),
(571, 171, 'PS', 28900, '#ff69b3'),
(572, 171, 'PSD', -10, '#FF7F00'),
(573, 171, 'BE', 1500, '#fe0000'),
(574, 171, 'CDU', 12000, '#000000'),
(575, 171, 'PTP', -10, '#01994e'),
(578, 172, 'PPM/PPV/PND', 30000, '#cdcc00'),
(579, 172, 'PS', 56500, '#ff69b3'),
(580, 172, 'PSD', -10, '#FF7F00'),
(581, 172, 'BE', 7348, '#fe0000'),
(582, 172, 'CDU', 20100, '#000000'),
(585, 173, 'PS', 40766, '#ff69b3'),
(586, 173, 'PSD', -10, '#FF7F00'),
(587, 173, 'CDS-PP', 3125, '#00bffe'),
(588, 173, 'BE', 810, '#fe0000'),
(589, 173, 'CDU', 23400, '#000000'),
(590, 173, 'PNR', 150, '#99dbfd'),
(591, 174, 'PS', 16000, '#ff69b3'),
(592, 174, 'PSD', -10, '#FF7F00'),
(593, 174, 'CDU', 3000, '#000000'),
(594, 175, 'PS', 14269, '#ff69b3'),
(595, 175, 'PSD', 18103, '#FF7F00'),
(596, 175, 'CDS-PP', -10, '#00bffe'),
(597, 175, 'CDU', 4800, '#000000'),
(599, 176, 'PS', 32250, '#ff69b3'),
(600, 176, 'PSD', 20064, '#FF7F00'),
(601, 176, 'CDS-PP', -10, '#00bffe'),
(602, 176, 'BE', 810, '#fe0000'),
(603, 176, 'CDU', 20000, '#000000'),
(604, 177, 'PS', 25362, '#ff69b3'),
(605, 177, 'PSD', 28128, '#FF7F00'),
(606, 177, 'BE', 810, '#fe0000'),
(607, 177, 'CDU', 10800, '#000000'),
(608, 177, 'CDS-PP', 3125, '#00bffe'),
(610, 178, 'PS', 18000, '#ff69b3'),
(611, 178, 'PSD/CDS-PP', -10, '#974b00'),
(612, 178, 'CDU', 16200, '#000000'),
(613, 178, 'BE', 1000, '#fe0000'),
(614, 178, 'PAN', 1000, '#ccfce2'),
(615, 178, 'PNR', 150, '#99dbfd'),
(616, 178, 'PND', 15000, '#9a65fd'),
(619, 179, 'PS', 4176, '#ff69b3'),
(620, 179, 'PSD', -10, '#FF7F00'),
(621, 179, 'CDU', 7400, '#000000'),
(622, 180, 'PS', 25570, '#ff69b3'),
(623, 180, 'PSD', 8365, '#FF7F00'),
(624, 180, 'CDS-PP', -10, '#00bffe'),
(625, 180, 'BE', 405, '#fe0000'),
(626, 180, 'CDU', 6400, '#000000'),
(627, 180, 'PNR', 150, '#99dbfd'),
(629, 181, 'PS', 39400, '#ff69b3'),
(630, 181, 'PSD', -10, '#FF7F00'),
(631, 181, 'CDS-PP', 1859, '#00bffe'),
(632, 181, 'BE', 1000, '#fe0000'),
(633, 181, 'CDU', 24500, '#000000'),
(634, 183, 'PS', 1840, '#ff69b3'),
(635, 183, 'PSD', 3958, '#FF7F00'),
(636, 183, 'CDS-PP', 4612, '#00bffe'),
(637, 183, 'CDU', 800, '#000000'),
(638, 184, 'PS/PTP/PND/BE', 4480, '#ff00fe'),
(639, 184, 'PSD', 2303, '#FF7F00'),
(640, 184, 'CDS-PP', 1754, '#00bffe'),
(641, 184, 'CDU', 2200, '#000000'),
(642, 184, 'MPT', 4000, '#7732fd'),
(643, 185, 'PS/BE/PND/MPT/PTP/PAN', 21200, '#ff00fe'),
(644, 185, 'PSD', 52427, '#FF7F00'),
(645, 185, 'CDS-PP', 5537, '#00bffe'),
(646, 185, 'CDU', 7400, '#000000'),
(647, 186, 'PS', 7340, '#ff69b3'),
(648, 186, 'PSD', 1723, '#FF7F00'),
(649, 186, 'CDS-PP', 409, '#00bffe'),
(650, 186, 'BE', 202, '#fe0000'),
(651, 186, 'CDU', 700, '#000000'),
(652, 186, 'PTP', 1000, '#01994e'),
(653, 186, 'PAN', 385, '#ccfce2'),
(654, 187, 'PS', 2280, '#ff69b3'),
(655, 187, 'PSD', 4681, '#FF7F00'),
(656, 187, 'CDS-PP', 453, '#00bffe'),
(657, 187, 'BE', 101, '#fe0000'),
(658, 187, 'CDU', 800, '#000000'),
(659, 187, 'PTP', 1000, '#01994e'),
(660, 188, 'PS', 4720, '#ff69b3'),
(661, 188, 'PSD', 2751, '#FF7F00'),
(662, 188, 'CDU', 800, '#000000'),
(663, 189, 'PS', 1440, '#ff69b3'),
(664, 189, 'PSD', 5766, '#FF7F00'),
(665, 189, 'CDS-PP', 210, '#00bffe'),
(666, 189, 'CDU', 800, '#000000'),
(667, 189, 'PTP', 1000, '#01994e'),
(668, 190, 'PS', 3240, '#ff69b3'),
(669, 190, 'PSD', 9668, '#FF7F00'),
(670, 190, 'CDS-PP', 1836, '#00bffe'),
(671, 190, 'BE', 202, '#fe0000'),
(672, 190, 'CDU', 1300, '#000000'),
(673, 190, 'PTP', 1000, '#01994e'),
(674, 191, 'PSD', 2482, '#FF7F00'),
(675, 191, 'CDU', 2600, '#000000'),
(676, 191, 'PAN', 700, '#ccfce2'),
(678, 192, 'PSD', 2924, '#FF7F00'),
(679, 192, 'CDS-PP', 900, '#00bffe'),
(680, 192, 'BE', 101, '#fe0000'),
(681, 192, 'CDU', 1200, '#000000'),
(682, 192, 'PTP', 1000, '#01994e'),
(683, 193, 'PSD', 2588, '#FF7F00'),
(684, 193, 'BE', 101, '#fe0000'),
(685, 193, 'CDU', 800, '#000000'),
(687, 194, 'PS', 3200, '#ff69b3'),
(688, 194, 'PSD', 1568, '#FF7F00'),
(689, 194, 'CDS-PP', 517, '#00bffe'),
(690, 194, 'CDU', 2300, '#000000'),
(691, 195, 'PS', 5910, '#ff69b3'),
(692, 195, 'PSD', 1435, '#FF7F00'),
(693, 195, 'CDU', 2000, '#000000'),
(694, 196, 'PS', 5842, '#ff69b3'),
(695, 196, 'PSD', 378, '#FF7F00'),
(696, 196, 'CDU', 7000, '#000000'),
(697, 197, 'PS', 3690, '#ff69b3'),
(698, 197, 'PSD', 1479, '#FF7F00'),
(699, 197, 'BE', 101, '#fe0000'),
(700, 197, 'CDU', 2000, '#000000'),
(702, 198, 'PS', 2600, '#ff69b3'),
(703, 198, 'PSD', 869, '#FF7F00'),
(705, 199, 'PS', 6660, '#ff69b3'),
(706, 199, 'PSD', 844, '#FF7F00'),
(707, 199, 'CDU', 6600, '#000000'),
(708, 200, 'PS', 17993, '#ff69b3'),
(709, 200, 'PSD', -10, '#FF7F00'),
(710, 200, 'CDS-PP', 1366, '#00bffe'),
(711, 200, 'BE', 202, '#fe0000'),
(712, 200, 'CDU', 1900, '#000000'),
(713, 201, 'PS', 4900, '#ff69b3'),
(714, 201, 'PSD', 1876, '#FF7F00'),
(715, 201, 'CDS-PP', 199, '#00bffe'),
(716, 202, 'PS', 9100, '#ff69b3'),
(717, 202, 'PSD', 1028, '#FF7F00'),
(718, 202, 'CDU', 2800, '#000000'),
(719, 203, 'PS', 3900, '#ff69b3'),
(720, 203, 'PSD', 1078, '#FF7F00'),
(721, 204, 'PS', 7190, '#ff69b3'),
(722, 204, 'PSD', -10, '#FF7F00'),
(723, 204, 'CDU', 5100, '#000000'),
(724, 205, 'PS', 5500, '#ff69b3'),
(725, 205, 'PSD', -10, '#FF7F00'),
(726, 205, 'CDU', 4600, '#000000'),
(727, 206, 'PS', 10000, '#ff69b3'),
(728, 206, 'PSD', 922, '#FF7F00'),
(729, 206, 'CDS-PP', 745, '#00bffe'),
(730, 206, 'BE', 202, '#fe0000'),
(731, 206, 'CDU', 9100, '#000000'),
(732, 207, 'PS', 12000, '#ff69b3'),
(733, 207, 'PSD', -10, '#FF7F00'),
(734, 207, 'BE', 303, '#fe0000'),
(735, 207, 'CDU', 4900, '#000000'),
(737, 208, 'PS', 5550, '#ff69b3'),
(738, 208, 'PSD', 1557, '#FF7F00'),
(739, 209, 'PS', 20700, '#ff69b3'),
(740, 209, 'PSD/CDS-PP', 19226, '#974b00'),
(741, 209, 'CDU', 3300, '#000000'),
(743, 210, 'PS', 7353, '#ff69b3'),
(744, 210, 'PSD', 13128, '#FF7F00'),
(745, 210, 'CDS-PP', 813, '#00bffe'),
(746, 211, 'PS', 12850, '#ff69b3'),
(747, 211, 'PSD', -10, '#FF7F00'),
(748, 211, 'CDS-PP', 3952, '#00bffe'),
(749, 211, 'BE', 405, '#fe0000'),
(750, 211, 'CDU', 2500, '#000000'),
(751, 212, 'PS', 26100, '#ff69b3'),
(752, 212, 'PSD/CDS-PP', 21350, '#974b00'),
(753, 212, 'BE', 810, '#fe0000'),
(754, 212, 'CDU', 8800, '#000000'),
(756, 213, 'PS', 17000, '#ff69b3'),
(757, 213, 'PSD/CDS-PP', 10509, '#974b00'),
(758, 213, 'CDU', 3400, '#000000'),
(759, 214, 'PS', 28740, '#ff69b3'),
(760, 214, 'PSD', -10, '#FF7F00'),
(761, 214, 'BE', 810, '#fe0000'),
(762, 214, 'CDU', 6700, '#000000'),
(763, 215, 'PS', 5842, '#ff69b3'),
(764, 215, 'PSD', 14192, '#FF7F00'),
(765, 215, 'CDU', 2200, '#000000'),
(768, 216, 'PS', 36790, '#ff69b3'),
(769, 216, 'PSD', 27984, '#FF7F00'),
(770, 216, 'CDS-PP', 4732, '#00bffe'),
(771, 216, 'BE', 810, '#fe0000'),
(772, 216, 'CDU', 6700, '#000000'),
(773, 216, 'PTP', 200, '#01994e'),
(775, 217, 'PS', 13363, '#ff69b3'),
(776, 217, 'PSD', 16305, '#FF7F00'),
(777, 217, 'CDS-PP', 990, '#00bffe'),
(778, 217, 'CDU', 1200, '#000000'),
(779, 217, 'PTP', 200, '#01994e'),
(780, 218, 'PS', 14000, '#ff69b3'),
(781, 218, 'PSD', 19341, '#FF7F00'),
(782, 218, 'CDU', 4100, '#000000'),
(783, 219, 'PS', 13912, '#ff69b3'),
(784, 219, 'PSD/CDS-PP', 24177, '#974b00'),
(785, 219, 'BE', 405, '#fe0000'),
(786, 219, 'CDU', 4700, '#000000'),
(787, 220, 'PS', 49734, '#ff69b3'),
(788, 220, 'PSD', -10, '#FF7F00'),
(789, 220, 'BE', 2500, '#fe0000'),
(790, 220, 'CDU', 19200, '#000000'),
(791, 220, 'PTP', 200, '#01994e'),
(794, 221, 'PS', 12220, '#ff69b3'),
(795, 221, 'PSD', 16476, '#FF7F00'),
(796, 221, 'CDS-PP', 7500, '#00bffe'),
(797, 221, 'CDU', 3500, '#000000'),
(798, 222, 'PS', 20500, '#ff69b3'),
(799, 222, 'PSD', -10, '#FF7F00'),
(800, 222, 'CDS-PP', 1453, '#00bffe'),
(801, 222, 'CDU', 4100, '#000000'),
(802, 223, 'PS', 11840, '#ff69b3'),
(803, 223, 'PSD/CDS-PP', 17550, '#974b00'),
(804, 223, 'CDU', 1900, '#000000'),
(805, 223, 'BE', 202, '#fe0000'),
(807, 224, 'PSD', -10, '#FF7F00'),
(808, 224, 'BE', 405, '#fe0000'),
(809, 224, 'CDU', 3600, '#000000'),
(810, 224, 'CDS-PP', 3079, '#00bffe'),
(811, 225, 'PS', 25000, '#ff69b3'),
(812, 225, 'PSD', -10, '#FF7F00'),
(813, 225, 'CDS-PP', 3246, '#00bffe'),
(814, 225, 'BE', 405, '#fe0000'),
(815, 226, 'PS', 30972, '#ff69b3'),
(816, 226, 'PSD/CDS-PP', 43215, '#974b00'),
(817, 226, 'BE', 810, '#fe0000'),
(818, 226, 'CDU', 9900, '#000000'),
(821, 227, 'PS', 12004, '#ff69b3'),
(822, 227, 'PSD', 3796, '#FF7F00'),
(823, 227, 'CDS-PP', 644, '#00bffe'),
(824, 227, 'BE', 202, '#fe0000'),
(825, 227, 'CDU', 3, '#000000'),
(826, 228, 'PS', 9600, '#ff69b3'),
(827, 228, 'PSD/CDS-PP', 2057, '#974b00'),
(828, 228, 'CDU', 2600, '#000000'),
(830, 229, 'PS', 9500, '#ff69b3'),
(831, 229, 'PSD/CDS-PP/MPT', 2189, '#ffedc9'),
(832, 229, 'CDU', 4800, '#000000'),
(835, 230, 'PS', 4782, '#ff69b3'),
(836, 230, 'CDU', 7400, '#000000'),
(838, 231, 'PS', 6112, '#ff69b3'),
(839, 231, 'PSD', 3098, '#FF7F00'),
(840, 231, 'CDS-PP', 777, '#00bffe'),
(841, 231, 'CDU', 15000, '#000000'),
(842, 232, 'PS', 13970, '#ff69b3'),
(843, 232, 'PSD', 2681, '#FF7F00'),
(844, 232, 'BE', 0, '#fe0000'),
(845, 232, 'CDU', 5200, '#000000'),
(847, 233, 'PS', 5644, '#ff69b3'),
(848, 233, 'PSD', -10, '#FF7F00'),
(849, 233, 'BE', 500, '#fe0000'),
(850, 233, 'CDU', 5800, '#000000'),
(851, 234, 'PS', 6300, '#ff69b3'),
(852, 234, 'PSD', 1135, '#FF7F00'),
(853, 234, 'CDU', 7400, '#000000'),
(854, 234, 'CDS-PP/MPT', 157, '#3432ff'),
(855, 235, 'PS', 15762, '#ff69b3'),
(856, 235, 'PSD', 1224, '#FF7F00'),
(857, 235, 'CDS-PP', 447, '#00bffe'),
(858, 235, 'BE', 250, '#fe0000'),
(859, 235, 'CDU', 8100, '#000000'),
(860, 236, 'PS', 7330, '#ff69b3'),
(861, 236, 'PSD', 7467, '#FF7F00'),
(862, 236, 'CDS-PP', 767, '#00bffe'),
(863, 236, 'BE', 303, '#fe0000'),
(864, 236, 'CDU', 4100, '#000000'),
(865, 237, 'PS', 6091, '#ff69b3'),
(866, 237, 'PSD', 224, '#FF7F00'),
(867, 238, 'PS', 5750, '#ff69b3'),
(868, 238, 'CDS/PSD', 2093, '#65fee2'),
(869, 238, 'CDU', 1500, '#000000'),
(871, 239, 'PS', 6750, '#ff69b3'),
(872, 239, 'PSD', 1722, '#FF7F00'),
(873, 240, 'PS', 12900, '#ff69b3'),
(874, 240, 'PSD/CDS-PP', 4169, '#974b00'),
(876, 241, 'PS', 11285, '#ff69b3'),
(877, 241, 'PSD', -10, '#FF7F00'),
(878, 241, 'CDU', 1500, '#000000'),
(880, 242, 'PS', 10181, '#ff69b3'),
(881, 242, 'PSD/CDS-PP', 2939, '#974b00'),
(882, 242, 'CDU', 4100, '#000000'),
(883, 242, 'BE', 9800, '#fe0000'),
(884, 243, 'PS', 13014, '#ff69b3'),
(885, 243, 'PSD', 22965, '#FF7F00'),
(886, 243, 'CDS-PP', 914, '#00bffe'),
(887, 243, 'BE', 607, '#fe0000'),
(888, 243, 'CDU', 4700, '#000000'),
(890, 244, 'PS', 6500, '#ff69b3'),
(891, 244, 'PSD', 1219, '#FF7F00'),
(893, 245, 'PS', 7475, '#ff69b3'),
(894, 245, 'PSD', 4609, '#FF7F00'),
(895, 245, 'CDS-PP', 900, '#00bffe'),
(896, 245, 'BE', 202, '#fe0000'),
(897, 245, 'CDU', 2300, '#000000'),
(899, 246, 'PS', 14235, '#ff69b3'),
(900, 246, 'PSD', 3724, '#FF7F00'),
(901, 246, 'BE', 202, '#fe0000'),
(902, 246, 'CDU', 4800, '#000000'),
(903, 247, 'PS', 8600, '#ff69b3'),
(904, 247, 'PSD', 840, '#FF7F00'),
(905, 69, 'PS', 9556, '#ff69b3'),
(906, 69, 'PSD', 1585, '#FF7F00'),
(907, 135, 'PS', 8200, '#ff69b3'),
(908, 135, 'PSD', 11596, '#FF7F00'),
(909, 135, 'CDU', 4700, '#000000'),
(910, 135, 'BE', 350, '#fe0000'),
(911, 248, 'PS', 13820, '#ff69b3'),
(912, 248, 'PSD', 2886, '#FF7F00'),
(913, 248, 'CDU', 12800, '#000000'),
(915, 249, 'PS', 10663, '#ff69b3'),
(916, 249, 'PSD', 1742, '#FF7F00'),
(917, 249, 'CDS-PP', 1250, '#00bffe'),
(918, 249, 'CDU', 15000, '#000000'),
(919, 250, 'PS', 25000, '#ff69b3'),
(920, 250, 'PSD', 11864, '#FF7F00'),
(921, 250, 'CDS-PP', 2682, '#00bffe'),
(922, 250, 'BE', 2590, '#fe0000'),
(923, 250, 'CDU', 33800, '#000000'),
(924, 250, 'PCTP/MRPP', 1500, '#92abca'),
(925, 251, 'PS', 14353, '#ff69b3'),
(926, 251, 'PSD', 6309, '#FF7F00'),
(927, 251, 'BE', 3000, '#fe0000'),
(928, 251, 'CDU', 19800, '#000000'),
(929, 252, 'PS', 14600, '#ff69b3'),
(930, 252, 'CDU', 11700, '#000000'),
(931, 252, 'BE', 202, '#fe0000'),
(934, 253, 'PS', 12727, '#ff69b3'),
(935, 253, 'PSD', 5044, '#FF7F00'),
(936, 253, 'BE', 1400, '#fe0000'),
(937, 253, 'CDU', 19800, '#000000'),
(938, 254, 'PS', 14200, '#ff69b3'),
(939, 254, 'PSD', 4482, '#FF7F00'),
(940, 254, 'CDS-PP', 1125, '#00bffe'),
(941, 254, 'BE', 300, '#fe0000'),
(942, 254, 'CDU', 6300, '#000000'),
(943, 255, 'PS', 12250, '#ff69b3'),
(944, 255, 'PSD', -10, '#FF7F00'),
(945, 255, 'CDU', 13600, '#000000'),
(946, 255, 'BE', 500, '#fe0000'),
(947, 256, 'PS', 8900, '#ff69b3'),
(948, 256, 'PSD', 2845, '#FF7F00'),
(949, 256, 'CDU', 13600, '#000000'),
(950, 257, 'PS', 17000, '#ff69b3'),
(951, 257, 'PSD', 10125, '#FF7F00'),
(952, 257, 'CDS-PP', 2418, '#00bffe'),
(953, 257, 'BE', 2000, '#fe0000'),
(954, 257, 'CDU', 40100, '#000000'),
(955, 258, 'PS', 7214, '#ff69b3'),
(956, 258, 'CDS/PSD', 3679, '#65fee2'),
(957, 258, 'CDU', 13300, '#000000'),
(958, 258, 'BE', 1000, '#fe0000'),
(959, 259, 'PS', 26000, '#ff69b3'),
(960, 259, 'PSD', -10, '#FF7F00'),
(961, 259, 'BE', 3000, '#fe0000'),
(962, 259, 'CDU', 16300, '#000000'),
(963, 260, 'PS', 9727, '#ff69b3'),
(964, 260, 'CDS-PP', 396, '#00bffe'),
(965, 260, 'CDU', 4800, '#000000'),
(967, 261, 'PS', 8200, '#ff69b3'),
(968, 261, 'PSD', 3146, '#FF7F00'),
(969, 262, 'PS', 12000, '#ff69b3'),
(970, 262, 'PSD', 7608, '#FF7F00'),
(971, 262, 'CDU', 3000, '#000000'),
(972, 263, 'PS', 17585, '#ff69b3'),
(973, 263, 'PSD', 1794, '#FF7F00'),
(974, 264, 'PS', 18100, '#ff69b3'),
(975, 264, 'PSD', 2511, '#FF7F00'),
(976, 264, 'CDS-PP', 3750, '#00bffe'),
(977, 265, 'PS', 8208, '#ff69b3'),
(978, 265, 'PSD', 1111, '#FF7F00'),
(979, 265, 'CDU', 2300, '#000000'),
(980, 266, 'PS', 15000, '#ff69b3'),
(981, 266, 'PSD', 2304, '#FF7F00'),
(983, 267, 'PS', 5197, '#ff69b3'),
(984, 267, 'PSD', 5048, '#FF7F00'),
(985, 267, 'CDS-PP', 12616, '#00bffe'),
(986, 267, 'BE', 0, '#fe0000'),
(988, 268, 'PS', 12094, '#ff69b3'),
(989, 268, 'PSD', 3738, '#FF7F00'),
(990, 268, 'CDU', 3000, '#000000'),
(991, 269, 'PS', 16700, '#ff69b3'),
(992, 269, 'PSD', 9571, '#FF7F00'),
(993, 269, 'CDS-PP', -10, '#00bffe'),
(994, 269, 'CDU', 5400, '#000000'),
(995, 270, 'PS', 10375, '#ff69b3'),
(996, 270, 'PSD', 1483, '#FF7F00'),
(998, 271, 'PS', 12297, '#ff69b3'),
(999, 271, 'PSD', 2647, '#FF7F00'),
(1000, 271, 'CDS-PP', 418, '#00bffe'),
(1002, 272, 'PS', 4800, '#ff69b3'),
(1003, 272, 'PSD', 1695, '#FF7F00'),
(1004, 273, 'PS', 10504, '#ff69b3'),
(1005, 273, 'PSD', 1670, '#FF7F00'),
(1006, 273, 'CDS-PP', 918, '#00bffe'),
(1007, 273, 'CDU', 3000, '#000000'),
(1009, 274, 'PS', 8622, '#ff69b3'),
(1010, 274, 'PSD', 3964, '#FF7F00'),
(1011, 275, 'PS', 5776, '#ff69b3'),
(1012, 275, 'CDS-PP/PSD', 6250, '#00bffe'),
(1013, 276, 'PS', 19500, '#ff69b3'),
(1014, 276, 'PSD', -10, '#FF7F00'),
(1015, 277, 'PS', 9000, '#ff69b3'),
(1016, 277, 'PSD', 2216, '#FF7F00'),
(1017, 277, 'CDS-PP', 535, '#00bffe'),
(1018, 278, 'PS', 8500, '#ff69b3'),
(1019, 278, 'PSD', 4941, '#FF7F00'),
(1020, 279, 'PS', 6750, '#ff69b3'),
(1021, 279, 'PSD', 4146, '#FF7F00'),
(1022, 279, 'CDS-PP', 531, '#00bffe'),
(1023, 280, 'PS', 9670, '#ff69b3'),
(1024, 280, 'PSD', 1802, '#FF7F00'),
(1025, 281, 'PS', 9400, '#ff69b3'),
(1026, 281, 'PSD', 1744, '#FF7F00'),
(1027, 281, 'CDS-PP', 545, '#00bffe'),
(1028, 282, 'PS', 9800, '#ff69b3'),
(1029, 282, 'PSD', 2625, '#FF7F00'),
(1030, 282, 'CDS-PP', 680, '#00bffe'),
(1031, 283, 'PS', 12640, '#ff69b3'),
(1032, 283, 'PSD', 4663, '#FF7F00'),
(1033, 283, 'CDU', 2000, '#000000'),
(1034, 284, 'PS', 16372, '#ff69b3'),
(1035, 284, 'PSD', 7265, '#FF7F00'),
(1036, 284, 'CDS-PP', 3882, '#00bffe'),
(1037, 284, 'BE', 607, '#fe0000'),
(1038, 284, 'CDU', 3400, '#000000'),
(1039, 285, 'PS', 3450, '#ff69b3'),
(1040, 285, 'PSD', 1456, '#FF7F00'),
(1041, 285, 'CDS-PP', 1273, '#00bffe'),
(1042, 285, 'BE', 125, '#fe0000'),
(1043, 285, 'CDU', 2700, '#000000'),
(1044, 286, 'PS', 8140, '#ff69b3'),
(1045, 286, 'PSD', 3275, '#FF7F00'),
(1046, 286, 'CDS-PP', 1709, '#00bffe'),
(1047, 287, 'PS', 6500, '#ff69b3'),
(1048, 287, 'PSD', 1231, '#FF7F00'),
(1049, 287, 'CDS-PP', 1390, '#00bffe'),
(1050, 288, 'PS', 17765, '#ff69b3'),
(1051, 288, 'PSD/CDS-PP', 2923, '#974b00'),
(1052, 288, 'CDU', 1900, '#000000'),
(1053, 289, 'PS', 8688, '#ff69b3'),
(1054, 289, 'PSD/CDS-PP', 6984, '#974b00'),
(1055, 289, 'CDU', 1900, '#000000'),
(1056, 290, 'PS', 10000, '#ff69b3'),
(1057, 290, 'PSD/CDS-PP', 8906, '#974b00'),
(1058, 291, 'PS', 17500, '#ff69b3'),
(1059, 291, 'PSD/CDS-PP', 6416, '#974b00'),
(1060, 292, 'PS', 16748, '#ff69b3'),
(1061, 292, 'PSD', 2830, '#FF7F00'),
(1062, 292, 'CDS-PP', 1916, '#00bffe'),
(1063, 293, 'PS', 8750, '#ff69b3'),
(1064, 293, 'PSD', -10, '#FF7F00'),
(1065, 294, 'PS', 4000, '#ff69b3'),
(1066, 294, 'PSD', -10, '#FF7F00'),
(1067, 294, 'BE', 125, '#fe0000'),
(1068, 294, 'CDU', 800, '#000000'),
(1069, 295, 'PS', 5000, '#ff69b3'),
(1070, 295, 'PSD', -10, '#FF7F00'),
(1071, 295, 'CDU', 970, '#000000'),
(1072, 296, 'PS', 1000, '#ff69b3'),
(1073, 296, 'PSD', 1282, '#FF7F00'),
(1074, 297, 'PS', 10000, '#ff69b3'),
(1075, 297, 'PSD/CDS-PP', 1913, '#974b00'),
(1076, 298, 'PS', 9997, '#ff69b3'),
(1077, 298, 'PSD', 5382, '#FF7F00'),
(1078, 298, 'CDS-PP', 1275, '#00bffe'),
(1079, 299, 'PSD', 1620, '#FF7F00'),
(1080, 299, 'CDS-PP', 669, '#00bffe'),
(1082, 300, 'PS', 11450, '#ff69b3'),
(1083, 300, 'PSD', 4535, '#FF7F00'),
(1084, 300, 'BE', 250, '#fe0000'),
(1085, 300, 'CDU', 2500, '#000000'),
(1086, 301, 'PSD', 3283, '#FF7F00'),
(1087, 301, 'CDS-PP', 2287, '#00bffe'),
(1088, 301, 'CDU', 800, '#000000'),
(1089, 302, 'PS', 6069, '#ff69b3'),
(1090, 302, 'PSD', 1163, '#FF7F00'),
(1091, 302, 'CDS-PP', 636, '#00bffe'),
(1092, 303, 'PS', 7664, '#ff69b3'),
(1093, 303, 'PSD/CDS-PP', 4640, '#974b00'),
(1094, 304, 'PS', 6717, '#ff69b3'),
(1095, 304, 'PSD', 627, '#FF7F00'),
(1096, 304, 'CDS-PP', 906, '#00bffe'),
(1097, 304, 'BE', 125, '#fe0000'),
(1098, 305, 'PS', 7600, '#ff69b3'),
(1099, 305, 'PSD', 3148, '#FF7F00'),
(1100, 305, 'CDS-PP', 1823, '#00bffe'),
(1101, 306, 'PS', 6400, '#ff69b3'),
(1102, 306, 'PSD', 1355, '#FF7F00'),
(1103, 306, 'CDS-PP', 2001, '#00bffe'),
(1104, 307, 'PS', 14368, '#ff69b3'),
(1105, 307, 'PSD', 16938, '#FF7F00'),
(1106, 307, 'CDS-PP', 3256, '#00bffe'),
(1107, 307, 'BE', 500, '#fe0000'),
(1108, 307, 'CDU', 3700, '#000000'),
(1109, 308, 'PS', 10500, '#ff69b3'),
(1110, 308, 'PSD', 1666, '#FF7F00'),
(1111, 308, 'CDS-PP', 960, '#00bffe'),
(1112, 308, 'BE', 250, '#fe0000'),
(1113, 136, 'CDU', 800, '#000000'),
(1114, 121, 'CDU', 1300, '#000000'),
(1115, 66, 'CDU', 700, '#000000'),
(1116, 271, 'CDU', 2500, '#000000'),
(1117, 122, 'CDU', 2800, '#000000'),
(1118, 137, 'CDU', 1600, '#000000'),
(1119, 151, 'CDU', 800, '#000000'),
(1120, 53, 'CDU', 2500, '#000000'),
(1121, 261, 'CDU', 2300, '#000000'),
(1122, 168, 'CDU', 1700, '#000000'),
(1123, 210, 'CDU', 800, '#000000'),
(1124, 42, 'CDU', 8825, '#000000'),
(1125, 153, 'CDU', 1200, '#000000'),
(1126, 272, 'CDU', 2600, '#000000'),
(1127, 90, 'CDU', 2500, '#000000'),
(1128, 68, 'CDU', 800, '#000000'),
(1129, 286, 'CDU', 800, '#000000'),
(1130, 156, 'CDU', 1300, '#000000'),
(1131, 25, 'CDU', 2000, '#000000'),
(1132, 198, 'CDU', 1700, '#000000'),
(1133, 287, 'CDU', 800, '#000000'),
(1134, 138, 'CDU', 800, '#000000'),
(1135, 309, 'CDU', 2500, '#000000'),
(1136, 57, 'CDU', 3000, '#000000'),
(1137, 46, 'CDU', 6700, '#000000'),
(1138, 237, 'CDU', 1200, '#000000'),
(1139, 139, 'CDU', 800, '#000000'),
(1140, 157, 'CDU', 800, '#000000'),
(1141, 140, 'CDU', 1200, '#000000'),
(1142, 69, 'CDU', 800, '#000000'),
(1143, 201, 'CDU', 2000, '#000000'),
(1144, 81, 'CDU', 3300, '#000000'),
(1145, 94, 'CDU', 2000, '#000000'),
(1146, 82, 'CDU', 3000, '#000000'),
(1147, 5, 'CDU', 800, '#000000'),
(1148, 95, 'CDU', 1900, '#000000'),
(1149, 239, 'CDU', 1300, '#000000'),
(1150, 70, 'CDU', 3100, '#000000'),
(1151, 290, 'CDU', 2500, '#000000'),
(1152, 143, 'CDU', 2000, '#000000'),
(1153, 203, 'CDU', 800, '#000000'),
(1154, 144, 'CDU', 800, '#000000'),
(1155, 263, 'CDU', 1900, '#000000'),
(1156, 274, 'CDU', 800, '#000000'),
(1157, 96, 'CDU', 2500, '#000000'),
(1158, 71, 'CDU', 800, '#000000'),
(1159, 73, 'CDU', 2500, '#000000'),
(1160, 291, 'CDU', 800, '#000000'),
(1161, 264, 'CDU', 1500, '#000000'),
(1162, 128, 'CDU', 1300, '#000000'),
(1163, 275, 'CDU', 800, '#000000'),
(1164, 276, 'CDU', 800, '#000000'),
(1165, 98, 'CDU', 3600, '#000000'),
(1166, 292, 'CDU', 1250, '#000000'),
(1167, 277, 'CDU', 800, '#000000'),
(1168, 293, 'CDU', 2500, '#000000'),
(1169, 83, 'CDU', 800, '#000000'),
(1170, 240, 'CDU', 3400, '#000000'),
(1171, 100, 'CDU', 800, '#000000'),
(1172, 162, 'CDU', 950, '#000000'),
(1173, 84, 'CDU', 1300, '#000000'),
(1174, 296, 'CDU', 1250, '#000000'),
(1175, 102, 'CDU', 800, '#000000'),
(1176, 278, 'CDU', 3000, '#000000'),
(1177, 266, 'CDU', 3400, '#000000'),
(1178, 267, 'CDU', 2800, '#000000'),
(1179, 165, 'CDU', 3000, '#000000'),
(1180, 60, 'CDU', 2500, '#000000'),
(1181, 85, 'CDU', 800, '#000000'),
(1182, 297, 'CDU', 2500, '#000000'),
(1183, 279, 'CDU', 800, '#000000'),
(1184, 280, 'CDU', 1200, '#000000'),
(1185, 298, 'CDU', 2500, '#000000'),
(1186, 281, 'CDU', 2000, '#000000'),
(1187, 299, 'CDU', 2200, '#000000'),
(1188, 244, 'CDU', 1300, '#000000'),
(1189, 302, 'CDU', 800, '#000000'),
(1190, 86, 'CDU', 800, '#000000'),
(1191, 103, 'CDU', 4100, '#000000'),
(1192, 208, 'CDU', 2800, '#000000'),
(1193, 303, 'CDU', 800, '#000000'),
(1194, 304, 'CDU', 2200, '#000000'),
(1195, 305, 'CDU', 2700, '#000000'),
(1196, 74, 'CDU', 2400, '#000000'),
(1197, 148, 'CDU', 800, '#000000'),
(1198, 282, 'CDU', 2000, '#000000'),
(1199, 62, 'CDU', 2500, '#000000'),
(1200, 87, 'CDU', 950, '#000000'),
(1201, 134, 'CDU', 1200, '#000000'),
(1202, 225, 'CDU', 4000, '#000000'),
(1203, 75, 'CDU', 2100, '#000000'),
(1204, 247, 'CDU', 2800, '#000000\r\n'),
(1205, 270, 'CDU', 1250, '#000000\r\n'),
(1206, 149, 'CDU', 1200, '#000000'),
(1207, 306, 'CDU', 950, '#000000'),
(1208, 88, 'CDU', 1300, '#000000'),
(1209, 76, 'CDU', 1200, '#000000'),
(1210, 77, 'CDU', 3200, '#000000'),
(1211, 308, 'CDU', 800, '#000000'),
(1212, 2, 'CDU', 800, '#000000'),
(1213, 18, 'CDU', 2350, '#000000'),
(1214, 19, 'CDU', 660, '#000000'),
(1215, 1, 'CDU', 800, '#000000'),
(1216, 17, 'CDU', 760, '#000000'),
(1217, 16, 'CDU', 800, '#000000'),
(1218, 7, 'CDU', 800, '#000000'),
(1219, 8, 'CDU', 2400, '#000000'),
(1220, 4, 'CDU', 4700, '#000000'),
(1221, 14, 'CDU', 1750, '#000000'),
(1222, 309, 'PS', 13667, '#ff69b3'),
(1223, 82, 'PS', 8830, '#ff69b3'),
(1224, 100, 'PS', 7500, '#ff69b3'),
(1225, 146, 'PS', 9551, '#ff69b3'),
(1226, 299, 'PS', 6400, '#ff69b3'),
(1227, 301, 'PS', 13690, '#ff69b3'),
(1228, 224, 'PS', 14769, '#ff69b3'),
(1229, 192, 'PS', 2540, '#ff69b3'),
(1230, 309, 'PSD', 9364, '#FF7F00'),
(1231, 94, 'PSD', 0, '#FF7F00'),
(1232, 252, 'PSD', 0, '#FF7F00'),
(1233, 260, 'PSD', 1692, '#FF7F00'),
(1234, 248, 'CDS-PP', 346, '#00bffe'),
(1235, 151, 'CDS-PP', 2000, '#00bffe'),
(1236, 261, 'CDS-PP', 1500, '#00bffe'),
(1237, 107, 'CDS-PP', 171, '#00bffe'),
(1238, 168, 'CDS-PP', 739, '#00bffe'),
(1239, 251, 'CDS-PP', 291, '#00bffe'),
(1240, 78, 'CDS-PP', 90, '#00bffe'),
(1241, 90, 'CDS-PP', 464, '#00bffe'),
(1242, 232, 'CDS-PP', 271, '#00bffe'),
(1243, 25, 'CDS-PP', 625, '#00bffe'),
(1244, 123, 'CDS-PP', 122, '#00bffe'),
(1245, 309, 'CDS-PP', 838, '#00bffe'),
(1246, 92, 'CDS-PP', 403, '#00bffe'),
(1247, 26, 'CDS-PP', 1875, '#00bffe'),
(1248, 237, 'CDS-PP', 67, '#00bffe'),
(1249, 140, 'CDS-PP', 375, '#00bffe'),
(1250, 94, 'CDS-PP', 139, '#00bffe'),
(1251, 125, 'CDS-PP', 451, '#00bffe'),
(1252, 127, 'CDS-PP', 652, '#00bffe'),
(1253, 239, 'CDS-PP', 217, '#00bffe'),
(1254, 159, 'CDS-PP', 426, '#00bffe'),
(1255, 203, 'CDS-PP', 391, '#00bffe'),
(1256, 263, 'CDS-PP', 125, '#00bffe'),
(1257, 274, 'CDS-PP', 483, '#00bffe'),
(1258, 96, 'CDS-PP', 420, '#00bffe'),
(1259, 73, 'CDS-PP', 1884, '#00bffe'),
(1260, 253, 'CDS-PP', 607, '#00bffe'),
(1261, 111, 'CDS-PP', 337, '#00bffe'),
(1262, 30, 'CDS-PP', 625, '#00bffe'),
(1263, 160, 'CDS-PP', 495, '#00bffe'),
(1264, 129, 'CDS-PP', 1030, '#00bffe'),
(1265, 31, 'CDS-PP', 2500, '#00bffe'),
(1266, 218, 'CDS-PP', 3245, '#00bffe'),
(1267, 265, 'CDS-PP', 378, '#00bffe'),
(1268, 84, 'CDS-PP', 750, '#00bffe'),
(1269, 296, 'CDS-PP', 674, '#00bffe'),
(1270, 102, 'CDS-PP', 172, '#00bffe'),
(1271, 163, 'CDS-PP', 196, '#00bffe'),
(1272, 278, 'CDS-PP', 538, '#00bffe'),
(1273, 165, 'CDS-PP', 668, '#00bffe'),
(1274, 85, 'CDS-PP', 292, '#00bffe'),
(1275, 256, 'CDS-PP', 812, '#00bffe'),
(1276, 131, 'CDS-PP', 223, '#00bffe'),
(1277, 51, 'CDS-PP', 146, '#00bffe'),
(1278, 132, 'CDS-PP', 264, '#00bffe'),
(1279, 246, 'CDS-PP', 503, '#00bffe'),
(1280, 148, 'CDS-PP', 452, '#00bffe'),
(1281, 247, 'CDS-PP', 533, '#00bffe'),
(1282, 149, 'CDS-PP', 164, '#00bffe'),
(1283, 105, 'CDS-PP', 239, '#00bffe'),
(1284, 283, 'CDS-PP', 1859, '#00bffe'),
(1285, 135, 'CDS-PP', 97, '#00bffe'),
(1286, 76, 'CDS-PP', 375, '#00bffe'),
(1287, 188, 'CDS-PP', 157, '#00bffe'),
(1288, 193, 'CDS-PP', 767, '#00bffe'),
(1289, 5, 'CDS-PP', 1125, '#00bffe'),
(1290, 17, 'CDS-PP', 1250, '#00bffe'),
(1291, 2, 'CDS-PP', 297, '#00bffe'),
(1292, 16, 'CDS-PP', 2500, '#00bffe'),
(1293, 7, 'CDS-PP', 750, '#00bffe'),
(1294, 8, 'CDS-PP', 1000, '#00bffe'),
(1295, 15, 'CDS-PP', 750, '#00bffe'),
(1296, 21, 'BE', 202, '#fe0000'),
(1297, 248, 'BE', 202, '#fe0000'),
(1298, 209, 'BE', 405, '#fe0000'),
(1299, 25, 'BE', 202, '#fe0000'),
(1300, 237, 'BE', 101, '#fe0000'),
(1302, 127, 'BE', 101, '#fe0000'),
(1303, 174, 'BE', 500, '#fe0000'),
(1304, 70, 'BE', 101, '#fe0000'),
(1305, 71, 'BE', 101, '#fe0000'),
(1306, 72, 'BE', 202, '#fe0000'),
(1307, 264, 'BE', 101, '#fe0000'),
(1308, 277, 'BE', 101, '#fe0000'),
(1309, 49, 'BE', 202, '#fe0000'),
(1310, 218, 'BE', 405, '#fe0000'),
(1311, 163, 'BE', 202, '#fe0000'),
(1313, 221, 'BE', 405, '#fe0000'),
(1314, 241, 'BE', 202, '#fe0000'),
(1315, 281, 'BE', 101, '#fe0000'),
(1316, 256, 'BE', 202, '#fe0000'),
(1317, 133, 'BE', 202, '#fe0000'),
(1318, 134, 'BE', 0, '#fe0000'),
(1319, 75, 'BE', 101, '#fe0000'),
(1320, 18, 'BE', 101, '#fe0000'),
(1321, 17, 'BE', 202, '#fe0000'),
(1322, 4, 'BE', 202, '#fe0000'),
(1323, 167, 'PCTP/MRPP', 150, '#92abca'),
(1324, 24, 'PCTP/MRPP', 150, '#92abca'),
(1325, 54, 'PCTP/MRPP', 150, '#92abca'),
(1326, 251, 'PCTP/MRPP', 600, '#92abca'),
(1327, 171, 'PCTP/MRPP', 600, '#92abca'),
(1328, 91, 'PCTP/MRPP', 125, '#92abca'),
(1329, 211, 'PCTP/MRPP', 500, '#92abca'),
(1330, 93, 'PCTP/MRPP', 200, '#92abca'),
(1331, 142, 'PCTP/MRPP', 50, '#92abca'),
(1332, 59, 'PCTP/MRPP', 150, '#92abca'),
(1333, 172, 'PCTP/MRPP', 2500, '#92abca'),
(1334, 173, 'PCTP/MRPP', 600, '#92abca'),
(1335, 253, 'PCTP/MRPP', 1500, '#92abca'),
(1336, 275, 'PCTP/MRPP', 500, '#92abca'),
(1337, 254, 'PCTP/MRPP', 600, '#92abca'),
(1338, 176, 'PCTP/MRPP', 200, '#92abca'),
(1339, 177, 'PCTP/MRPP', 200, '#92abca'),
(1340, 220, 'PCTP/MRPP', 400, '#92abca'),
(1341, 221, 'PCTP/MRPP', 150, '#92abca'),
(1342, 257, 'PCTP/MRPP', 200, '#92abca'),
(1343, 259, 'PCTP/MRPP', 100, '#92abca'),
(1344, 178, 'PCTP/MRPP', 600, '#92abca'),
(1345, 269, 'PCTP/MRPP', 500, '#92abca'),
(1346, 226, 'PCTP/MRPP', 500, '#92abca'),
(1347, 144, 'PPM', 3813, '#cdcc00'),
(1348, 124, 'PNR', 4450, '#717171'),
(1349, 172, 'PNR', 100, '#717171'),
(1350, 167, 'PTP', 200, '#01994e'),
(1351, 172, 'PTP', 200, '#01994e'),
(1352, 173, 'PTP', 200, '#01994e'),
(1353, 253, 'PTP', 200, '#01994e'),
(1354, 176, 'PTP', 200, '#01994e'),
(1355, 177, 'PTP', 200, '#01994e'),
(1356, 255, 'PTP', 200, '#01994e'),
(1357, 146, 'PTP', 200, '#01994e'),
(1358, 257, 'PTP', 200, '#01994e'),
(1359, 178, 'PTP', 200, '#01994e'),
(1360, 226, 'PTP', 200, '#01994e'),
(1361, 124, 'PPV', 750, '#cc9866'),
(1362, 250, 'PAN', 500, '#ccfce2'),
(1363, 91, 'PAN', 905, '#ccfce2'),
(1364, 172, 'PAN', 3000, '#ccfce2'),
(1365, 214, 'PAN', 500, '#ccfce2'),
(1366, 216, 'PAN', 500, '#ccfce2'),
(1367, 177, 'PAN', 1800, '#ccfce2'),
(1368, 221, 'PAN', 500, '#ccfce2'),
(1369, 258, 'PAN', 700, '#ccfce2'),
(1370, 259, 'PAN', 700, '#ccfce2'),
(1371, 269, 'PAN', 500, '#ccfce2'),
(1372, 226, 'PAN', 500, '#ccfce2'),
(1373, 184, 'PAN', 385, '#ccfce2'),
(1374, 126, 'CDS-PP/MPT', 1031, '#3432ff'),
(1375, 269, 'CDS-PP/MPT', 2250, '#3432ff'),
(1376, 120, 'CDS-PP/MPT/PPM', 642, '#00bffe'),
(1377, 170, 'CDS-PP/MPT/PPM', 800, '#00bffe'),
(1378, 175, 'CDS-PP/MPT/PPM', 1457, '#00bffe'),
(1379, 71, 'CDS-PP/MPT/PPM', 175, '#00bffe'),
(1380, 176, 'CDS-PP/MPT/PPM', 4439, '#00bffe'),
(1381, 130, 'CDS-PP/MPT/PPM', 1040, '#00bffe'),
(1382, 180, 'CDS-PP/MPT/PPM', 1893, '#00bffe'),
(1383, 59, 'PPM/PPV', 0, '#cdcc00'),
(1384, 171, 'PPM/PPV/PND', 35000, '#cdcc00'),
(1385, 20, 'PSD/CDS-PP', 6398, '#974b00'),
(1386, 66, 'PSD/CDS-PP', 1685, '#974b00'),
(1387, 39, 'PSD/CDS-PP', 331, '#974b00'),
(1388, 167, 'PSD/CDS-PP', 16098, '#974b00'),
(1389, 42, 'PSD/CDS-PP', 1250, '#974b00'),
(1390, 171, 'PSD/CDS-PP', 49000, '#974b00'),
(1391, 138, 'PSD/CDS-PP', 2912, '#974b00'),
(1392, 233, 'PSD/CDS-PP', 153, '#974b00'),
(1393, 27, 'PSD/CDS-PP', 3744, '#974b00'),
(1394, 110, 'PSD/CDS-PP', 6718, '#974b00'),
(1395, 46, 'PSD/CDS-PP', 1351, '#974b00'),
(1396, 141, 'PSD/CDS-PP', 5770, '#974b00'),
(1397, 142, 'PSD/CDS-PP', 5820, '#974b00'),
(1398, 174, 'PSD/CDS-PP', 2541, '#974b00'),
(1399, 214, 'PSD/CDS-PP', 38962, '#974b00'),
(1400, 97, 'PSD/CDS-PP', 1597, '#974b00'),
(1401, 204, 'PSD/CDS-PP', 1843, '#974b00'),
(1402, 276, 'PSD/CDS-PP', 2890, '#974b00'),
(1403, 98, 'PSD/CDS-PP', 5064, '#974b00'),
(1404, 112, 'PSD/CDS-PP', 458, '#974b00'),
(1405, 113, 'PSD/CDS-PP', 1469, '#974b00'),
(1406, 293, 'PSD/CDS-PP', 2032, '#974b00'),
(1407, 205, 'PSD/CDS-PP', 1391, '#974b00'),
(1408, 294, 'PSD/CDS-PP', 4911, '#974b00'),
(1409, 50, 'PSD/CDS-PP', 4761, '#974b00'),
(1410, 255, 'PSD/CDS-PP', 4374, '#974b00'),
(1411, 101, 'PSD/CDS-PP', 3063, '#974b00'),
(1412, 295, 'PSD/CDS-PP', 2150, '#974b00'),
(1413, 207, 'PSD/CDS-PP', 6090, '#974b00'),
(1414, 241, 'PSD/CDS-PP', 9835, '#974b00'),
(1415, 147, 'PSD/CDS-PP', 10806, '#974b00'),
(1416, 259, 'PSD/CDS-PP', 9991, '#974b00'),
(1417, 179, 'PSD/CDS-PP', 2072, '#974b00'),
(1418, 104, 'PSD/CDS-PP', 2806, '#974b00'),
(1419, 52, 'PSD/CDS-PP', 330, '#974b00'),
(1420, 75, 'PSD/CDS-PP', 790, '#974b00'),
(1421, 65, 'PSD/CDS-PP', 4380, '#974b00'),
(1422, 166, 'PSD/CDS-PP/MPT/PPM', 5201, '#b8b8b8'),
(1423, 169, 'PSD/CDS-PP/MPT/PPM', 3177, '#b8b8b8'),
(1424, 29, 'PSD/CDS-PP/MPT/PPM', 3087, '#b8b8b8'),
(1425, 133, 'PSD/CDS-PP/MPT/PPM', 9927, '#b8b8b8'),
(1426, 24, 'PSD/CDS-PP/PPM', 21394, '#fffd96'),
(1427, 54, 'PSD/CDS-PP/PPM', 37000, '#fffd96'),
(1428, 55, 'PSD/CDS-PP/PPM', 39892, '#fffd96'),
(1429, 4, 'PSD/CDS-PP/PPM', 10361, '#fffd96'),
(1430, 230, 'PSD/MPT', 1207, '#ffedc9'),
(1431, 84, 'PSD/MPT', 4788, '#ffedc9'),
(1432, 84, 'PSD/MPT/PPM', 15285, '#ffedc9'),
(1433, 181, 'PSD/MPT/PPM', 10317, '#ffedc9'),
(1434, 200, 'PSD/PPM', 1909, '#ffedc9'),
(1435, 211, 'PSD/PPM', 9564, '#ffedc9'),
(1436, 222, 'PSD/PPM', 16563, '#ffedc9'),
(1437, 224, 'PSD/PPM', 23103, '#ffedc9'),
(1438, 225, 'PSD/PPM', 12668, '#ffedc9'),
(1439, 19, 'PSD/PPM', 8503, '#ffedc9'),
(1440, 91, 'PSD/PPM/MPT', 15634, '#ffedc9'),
(1441, 220, 'PSD/PPM/MPT', 42994, '#ffedc9'),
(1442, 59, 'PSD/CDS-PP/MPT', 13303, '#ffedc9'),
(1443, 172, 'PSD/CDS-PP/MPT', 78689, '#ffedc9'),
(1444, 178, 'PSD/CDS-PP/MPT', 27513, '#ffedc9'),
(1445, 136, 'Unidos pela nossa terra', 9700, '#90ee90'),
(1446, 106, 'DITA - Defesa da integridade territorial e desenvolvimento de Alandroal', 4998, '#90ee90'),
(1447, 106, 'Movimento unidade desenvolvir', 12480, '#90ee90'),
(1448, 120, 'Vontade independente viver Albufeira', 8785, '#90ee90'),
(1449, 228, 'Independentes pelo concelho de Alcanena', 0, '#90ee90'),
(1450, 271, 'MAIS - Movimento Alijó inovação com segurança', 25000, '#90ee90'),
(1451, 229, 'MICA2013 - Movimento independente concelho de Almeirim', 6000, '#90ee90'),
(1452, 229, 'Movimento Zé Gomes , associação', 0, '#90ee90'),
(1453, 40, 'Grupo cidadãos eleitores "Independentes por Almodovar"', 15587, '#90ee90'),
(1454, 209, 'Amarante Somos Todos', 17885, '#90ee90'),
(1455, 53, 'Grupo de cidadãos eleitores: Amares primeiro - AP', 19500, '#90ee90'),
(1456, 24, 'Juntos por Aveiro', 30000, '#90ee90'),
(1457, 43, 'Por Beja com todos', 2000, '#90ee90'),
(1458, 55, 'Cidadania em movimento', 7750, '#90ee90'),
(1459, 67, 'Movimento Sempre Presente', 10554, '#90ee90'),
(1460, 56, 'Independentes por Cabeceiras - IPC', 8000, '#90ee90'),
(1461, 155, 'Movimento viver o concelho', 12000, '#90ee90'),
(1462, 232, 'Paulo Varanda - Movimento pelo Cartaxo', 18500, '#90ee90'),
(1463, 171, 'SerCascais - Movimento Independente', 22500, '#90ee90'),
(1464, 273, 'MAI - Movimento autárquico independente', 8900, '#90ee90'),
(1465, 91, 'Cidadãos por Coimbra', 5000, '#90ee90'),
(1466, 80, 'Pedro Farromba - Acreditar Covilhã', 12500, '#90ee90'),
(1467, 27, 'Pela Cidadania', 0, '#90ee90'),
(1468, 58, 'Independentes por Fafe - IPF', 22500, '#90ee90'),
(1469, 124, 'Vitorino - Salvar Faro, com Coração CFC-SF', 0, '#90ee90'),
(1470, 58, 'Independentes por Góis', 8050, '#90ee90'),
(1471, 238, 'Força independente GAP', 5000, '#90ee90'),
(1472, 212, 'Valentim Loureiro Gondomar no coração', 160000, '#90ee90'),
(1473, 252, 'Grândola Melhor - GM', 12000, '#90ee90'),
(1474, 252, 'Movimento independente Por Grândola', 13400, '#90ee90'),
(1475, 142, 'A Guarda primeiro', 26252, '#90ee90'),
(1476, 127, 'MICA - Movimento de intervenção e cidadania ativa', 200, '#90ee90'),
(1477, 215, 'Marco Confiante com Ferreira Torres', 40000, '#90ee90'),
(1478, 159, '+Concelho Marinha Grande', 5000, '#90ee90'),
(1479, 159, 'Movimento pela Marinha', 12189, '#90ee90'),
(1480, 216, 'Guilherme Pinto, Por Matosinhos', 38000, '#90ee90'),
(1481, 96, 'MAR - Movimento autáriquico de renovação', 14500, '#90ee90'),
(1482, 160, 'Grupo de Cidadãos independentes do concelho de Nazaré', 6223, '#90ee90'),
(1483, 177, 'Isaltino Oeiras mais a frente', 42500, '#90ee90'),
(1484, 83, 'Plataforma independente Mais concelho de Oleiros', 7900, '#90ee90'),
(1485, 129, 'Movimento de cidadãos independentes Novo Rumo', 2250, '#90ee90'),
(1486, 240, 'Movimento Ourém vivo e empreendedor', 2464, '#90ee90'),
(1487, 266, 'Movimento de cidadãos Barquenses', 7500, '#90ee90'),
(1488, 267, 'Grupo de cidadãos eleitores: Movimento 51', 4750, '#90ee90'),
(1489, 207, 'Candidatura livre e independente por Portalegre - CLIP', 11000, '#90ee90'),
(1490, 220, 'Nuno Cardoso - Porto de Futuro', 34000, '#90ee90'),
(1491, 220, 'Rui Moreira: Porto, Nosso Partido', 40000, '#90ee90'),
(1492, 115, 'MICRE - Movimento independete - Concelho de Redondo', 3753, '#90ee90'),
(1493, 279, 'Unidos por Ribeira de Pena', 3500, '#90ee90'),
(1494, 242, 'Movimento cidadãos independentes - MCI', 11250, '#90ee90'),
(1495, 243, 'Mais Santarem', 11000, '#90ee90'),
(1496, 222, 'Pra frente Santo Tirso', 18000, '#90ee90'),
(1497, 35, 'SJM Sempre', 30000, '#90ee90'),
(1498, 299, 'Pela nossa Terra', 9500, '#90ee90'),
(1499, 244, 'GIS - Grupo de independentes de Sardoal', 900, '#90ee90'),
(1500, 86, 'Movimento de Ideias', 141, '#90ee90'),
(1501, 258, 'Sesimbra unida', 6211, '#90ee90'),
(1502, 260, 'SIM - Sines Interessa Mais', 13419, '#90ee90'),
(1503, 178, 'Sintra paixão com independencia autárquica', 18000, '#90ee90'),
(1504, 103, 'Movimento de cidadãos por Soure', 2500, '#90ee90'),
(1505, 61, 'Terras de Bouro 2021 - Novo Caminho', 4370, '#90ee90'),
(1506, 245, 'Independentes por tomar', 35000, '#90ee90');
INSERT INTO `lista` (`ID_lista`, `ID_camara`, `nome`, `orcamento`, `cor`) VALUES
(1507, 180, 'Torres nas Linhas', 2000, '#90ee90'),
(1508, 223, 'Movimento independente pela Trofa', 2500, '#90ee90'),
(1509, 270, 'Movimento independente Pensar Cerveira - PenCe', 10000, '#90ee90'),
(1510, 226, 'Guilherme Aguiar - Juntos por Gaia', 105000, '#90ee90'),
(1511, 119, 'MUC - Mov. Unid. dos cidadãos', 3000, '#90ee90'),
(1512, 184, 'Coligação Pela Mundança', 4480, '#90ee90'),
(1513, 191, 'Juntos pelo povo', 14000, '#90ee90'),
(1514, 193, 'UPSV - Unidos por São Vicente', 22400, '#90ee90'),
(1515, 19, 'Novo Rumo', 3300, '#90ee90'),
(1516, 13, 'Nova Esperença', 300, '#90ee90'),
(1517, 2, 'Independentes dar vida ao concelho', 1500, '#90ee90');

-- --------------------------------------------------------

--
-- Estrutura da tabela `post_brinde`
--

CREATE TABLE IF NOT EXISTS `post_brinde` (
  `ID_brinde` int(11) NOT NULL AUTO_INCREMENT,
  `ID_lista` int(11) NOT NULL,
  `nome` varchar(255) NOT NULL,
  `descricao` text,
  `data` bigint(20) NOT NULL,
  `image` varchar(255) NOT NULL,
  `cor_x` varchar(255) DEFAULT NULL,
  `cor_y` varchar(255) DEFAULT NULL,
  `active` int(11) NOT NULL,
  PRIMARY KEY (`ID_brinde`),
  KEY `lista` (`ID_lista`)
) ENGINE=InnoDB  DEFAULT CHARSET=latin1 AUTO_INCREMENT=13 ;

--
-- Extraindo dados da tabela `post_brinde`
--

INSERT INTO `post_brinde` (`ID_brinde`, `ID_lista`, `nome`, `descricao`, `data`, `image`, `cor_x`, `cor_y`, `active`) VALUES
(12, 1, 'dfsf', 'fsdfsdf', 1376571201, 'adminWallpaper1-Rayman-Origins-1920x1200-1920x1080.jpg', NULL, NULL, 1);

-- --------------------------------------------------------

--
-- Estrutura da tabela `post_cartaz`
--

CREATE TABLE IF NOT EXISTS `post_cartaz` (
  `ID_post` int(11) NOT NULL AUTO_INCREMENT,
  `ID_user` int(11) NOT NULL,
  `ID_cartaz` int(11) NOT NULL,
  `ID_lista` int(11) NOT NULL,
  `data` bigint(20) NOT NULL,
  `image` varchar(255) NOT NULL,
  `morada` varchar(255) DEFAULT NULL,
  `cor_x` varchar(255) DEFAULT NULL,
  `cor_y` varchar(255) DEFAULT NULL,
  `active` int(11) NOT NULL,
  PRIMARY KEY (`ID_post`),
  KEY `user_1` (`ID_user`),
  KEY `cartaz_1` (`ID_cartaz`),
  KEY `lista_1` (`ID_lista`)
) ENGINE=InnoDB  DEFAULT CHARSET=latin1 AUTO_INCREMENT=4 ;

-- --------------------------------------------------------

--
-- Estrutura da tabela `rating_brinde`
--

CREATE TABLE IF NOT EXISTS `rating_brinde` (
  `ID_brinde` int(11) NOT NULL,
  `ID_user` int(11) NOT NULL,
  `rating` int(11) NOT NULL,
  PRIMARY KEY (`ID_brinde`,`ID_user`),
  KEY `ID_brinde` (`ID_brinde`),
  KEY `rating_brinde_ibfk_2` (`ID_user`)
) ENGINE=InnoDB DEFAULT CHARSET=latin1;

-- --------------------------------------------------------

--
-- Estrutura da tabela `user`
--

CREATE TABLE IF NOT EXISTS `user` (
  `ID_user` int(11) NOT NULL AUTO_INCREMENT,
  `username` varchar(255) NOT NULL,
  `email` varchar(255) NOT NULL,
  `password` varchar(255) NOT NULL,
  `user_group` int(11) NOT NULL,
  `active` int(11) NOT NULL,
  PRIMARY KEY (`ID_user`)
) ENGINE=InnoDB  DEFAULT CHARSET=latin1 AUTO_INCREMENT=16 ;

--
-- Extraindo dados da tabela `user`
--

INSERT INTO `user` (`ID_user`, `username`, `email`, `password`, `user_group`, `active`) VALUES
(1, 'test', 'test@test.com', 'be288047e63f0fe3a89ce70ba04c4efd', 0, 0),
(2, 'electriz', 'electriz50@hotmail.com', '531c603805749a8f5e58e7bdb91a727d', 0, 0),
(3, 'xpto', 'xpto@xpto.com', '531c603805749a8f5e58e7bdb91a727d', 0, 0),
(4, 'admin', 'admin@hotmail.com', '21232f297a57a5a743894a0e4a801fc3', 1, 0),
(14, 'user', 'test@hotmail.com', '098f6bcd4621d373cade4e832627b4f6', 0, 0),
(15, 'usertest', 'test@gmail.com', '098f6bcd4621d373cade4e832627b4f6', 0, 0);

--
-- Constraints for dumped tables
--

--
-- Limitadores para a tabela `camara`
--
ALTER TABLE `camara`
  ADD CONSTRAINT `camara_ibfk_1` FOREIGN KEY (`ID_distrito`) REFERENCES `distrito` (`ID_distrito`);

--
-- Limitadores para a tabela `lista`
--
ALTER TABLE `lista`
  ADD CONSTRAINT `camara` FOREIGN KEY (`ID_camara`) REFERENCES `camara` (`ID_camara`);

--
-- Limitadores para a tabela `post_brinde`
--
ALTER TABLE `post_brinde`
  ADD CONSTRAINT `post_brinde_ibfk_2` FOREIGN KEY (`ID_lista`) REFERENCES `lista` (`ID_lista`);

--
-- Limitadores para a tabela `post_cartaz`
--
ALTER TABLE `post_cartaz`
  ADD CONSTRAINT `lista_1` FOREIGN KEY (`ID_lista`) REFERENCES `lista` (`ID_lista`),
  ADD CONSTRAINT `post_cartaz_ibfk_1` FOREIGN KEY (`ID_cartaz`) REFERENCES `camara` (`ID_camara`),
  ADD CONSTRAINT `user_1` FOREIGN KEY (`ID_user`) REFERENCES `user` (`ID_user`);

--
-- Limitadores para a tabela `rating_brinde`
--
ALTER TABLE `rating_brinde`
  ADD CONSTRAINT `rating_brinde_ibfk_1` FOREIGN KEY (`ID_brinde`) REFERENCES `post_brinde` (`ID_brinde`) ON DELETE CASCADE ON UPDATE NO ACTION,
  ADD CONSTRAINT `rating_brinde_ibfk_2` FOREIGN KEY (`ID_user`) REFERENCES `user` (`ID_user`) ON DELETE CASCADE ON UPDATE NO ACTION;

/*!40101 SET CHARACTER_SET_CLIENT=@OLD_CHARACTER_SET_CLIENT */;
/*!40101 SET CHARACTER_SET_RESULTS=@OLD_CHARACTER_SET_RESULTS */;
/*!40101 SET COLLATION_CONNECTION=@OLD_COLLATION_CONNECTION */;
